Added Component: Designator=B1(FP-4-1437565-1-MFG)
Add component (AddParameter): Name = "Automotive"; Value = "No"; VariantName = "[No Variations]"
Add component (AddParameter): Name = "Category"; Value = "Switch"; VariantName = "[No Variations]"
Add component (AddParameter): Name = "Ciiva Ids"; Value = "2672442"; VariantName = "[No Variations]"
Add component (AddParameter): Name = "ComponentLink2Description"; Value = "Datasheet"; VariantName = "[No Variations]"
Add component (AddParameter): Name = "ComponentLink2URL"; Value = "https://www.te.com/commerce/DocumentDelivery/DDEController?Action=showdoc&DocId=Customer+Drawing%7F2-1437565-7%7FV%7Fpdf%7FEnglish%7FENG_CD_2-1437565-7_V.pdf%7F4-1437565-1"; VariantName = "[No Variations]"
Add component (AddParameter): Name = "Contact Current Rating"; Value = "50mA"; VariantName = "[No Variations]"
Add component (AddParameter): Name = "Contact Resistance"; Value = "100mΩ"; VariantName = "[No Variations]"
Add component (AddParameter): Name = "Device Class L1"; Value = "Electromechanical"; VariantName = "[No Variations]"
Add component (AddParameter): Name = "Device Class L2"; Value = "Switches"; VariantName = "[No Variations]"
Add component (AddParameter): Name = "Device Class L3"; Value = "Tactile Switches"; VariantName = "[No Variations]"
Add component (AddParameter): Name = "Digikey Description"; Value = "SWITCH TACTILE SPST-NO 0.05A 24V"; VariantName = "[No Variations]"
Add component (AddParameter): Name = "Electromechanical Life"; Value = "100000Cycles"; VariantName = "[No Variations]"
Add component (AddParameter): Name = "Height"; Value = "5.38mm"; VariantName = "[No Variations]"
Add component (AddParameter): Name = "Import Ts"; Value = "1521848451"; VariantName = "[No Variations]"
Add component (AddParameter): Name = "Lead Free"; Value = "Yes"; VariantName = "[No Variations]"
Add component (AddParameter): Name = "Manufacturer"; Value = "TE Connectivity"; VariantName = "[No Variations]"
Add component (AddParameter): Name = "Manufacturer Part Number"; Value = "4-1437565-1"; VariantName = "[No Variations]"
Add component (AddParameter): Name = "Mount"; Value = "Surface Mount"; VariantName = "[No Variations]"
Add component (AddParameter): Name = "Mouser Description"; Value = "Switch Tactile OFF (ON) SPST Round Button Gull Wing 0.05A 12VDC 1.57N SMD Loose Piece"; VariantName = "[No Variations]"
Add component (AddParameter): Name = "Octopart"; Value = "https://octopart.com/fsm4jsma-te+connectivity-55488004"; VariantName = "[No Variations]"
Add component (AddParameter): Name = "Operating Force"; Value = "160gf"; VariantName = "[No Variations]"
Add component (AddParameter): Name = "Package"; Value = "0"; VariantName = "[No Variations]"
Add component (AddParameter): Name = "Release Date"; Value = "1503379960"; VariantName = "[No Variations]"
Add component (AddParameter): Name = "RoHS"; Value = "TRUE"; VariantName = "[No Variations]"
Add component (AddParameter): Name = "Standoff Height"; Value = "0.05mm"; VariantName = "[No Variations]"
Add component (AddParameter): Name = "Temperature"; Value = "-35°C to +85°C"; VariantName = "[No Variations]"
Add component (AddParameter): Name = "Temperature Range High"; Value = "+85°C"; VariantName = "[No Variations]"
Add component (AddParameter): Name = "Temperature Range Low"; Value = "-35°C"; VariantName = "[No Variations]"
Add component (AddParameter): Name = "Throw Configuration"; Value = "SPST-NO"; VariantName = "[No Variations]"
Add component (AddParameter): Name = "Voltage Rating Dc"; Value = "24V"; VariantName = "[No Variations]"
Added Component: Designator=B2(FP-4-1437565-1-MFG)
Add component (AddParameter): Name = "Automotive"; Value = "No"; VariantName = "[No Variations]"
Add component (AddParameter): Name = "Category"; Value = "Switch"; VariantName = "[No Variations]"
Add component (AddParameter): Name = "Ciiva Ids"; Value = "2672442"; VariantName = "[No Variations]"
Add component (AddParameter): Name = "ComponentLink2Description"; Value = "Datasheet"; VariantName = "[No Variations]"
Add component (AddParameter): Name = "ComponentLink2URL"; Value = "https://www.te.com/commerce/DocumentDelivery/DDEController?Action=showdoc&DocId=Customer+Drawing%7F2-1437565-7%7FV%7Fpdf%7FEnglish%7FENG_CD_2-1437565-7_V.pdf%7F4-1437565-1"; VariantName = "[No Variations]"
Add component (AddParameter): Name = "Contact Current Rating"; Value = "50mA"; VariantName = "[No Variations]"
Add component (AddParameter): Name = "Contact Resistance"; Value = "100mΩ"; VariantName = "[No Variations]"
Add component (AddParameter): Name = "Device Class L1"; Value = "Electromechanical"; VariantName = "[No Variations]"
Add component (AddParameter): Name = "Device Class L2"; Value = "Switches"; VariantName = "[No Variations]"
Add component (AddParameter): Name = "Device Class L3"; Value = "Tactile Switches"; VariantName = "[No Variations]"
Add component (AddParameter): Name = "Digikey Description"; Value = "SWITCH TACTILE SPST-NO 0.05A 24V"; VariantName = "[No Variations]"
Add component (AddParameter): Name = "Electromechanical Life"; Value = "100000Cycles"; VariantName = "[No Variations]"
Add component (AddParameter): Name = "Height"; Value = "5.38mm"; VariantName = "[No Variations]"
Add component (AddParameter): Name = "Import Ts"; Value = "1521848451"; VariantName = "[No Variations]"
Add component (AddParameter): Name = "Lead Free"; Value = "Yes"; VariantName = "[No Variations]"
Add component (AddParameter): Name = "Manufacturer"; Value = "TE Connectivity"; VariantName = "[No Variations]"
Add component (AddParameter): Name = "Manufacturer Part Number"; Value = "4-1437565-1"; VariantName = "[No Variations]"
Add component (AddParameter): Name = "Mount"; Value = "Surface Mount"; VariantName = "[No Variations]"
Add component (AddParameter): Name = "Mouser Description"; Value = "Switch Tactile OFF (ON) SPST Round Button Gull Wing 0.05A 12VDC 1.57N SMD Loose Piece"; VariantName = "[No Variations]"
Add component (AddParameter): Name = "Octopart"; Value = "https://octopart.com/fsm4jsma-te+connectivity-55488004"; VariantName = "[No Variations]"
Add component (AddParameter): Name = "Operating Force"; Value = "160gf"; VariantName = "[No Variations]"
Add component (AddParameter): Name = "Package"; Value = "0"; VariantName = "[No Variations]"
Add component (AddParameter): Name = "Release Date"; Value = "1503379960"; VariantName = "[No Variations]"
Add component (AddParameter): Name = "RoHS"; Value = "TRUE"; VariantName = "[No Variations]"
Add component (AddParameter): Name = "Standoff Height"; Value = "0.05mm"; VariantName = "[No Variations]"
Add component (AddParameter): Name = "Temperature"; Value = "-35°C to +85°C"; VariantName = "[No Variations]"
Add component (AddParameter): Name = "Temperature Range High"; Value = "+85°C"; VariantName = "[No Variations]"
Add component (AddParameter): Name = "Temperature Range Low"; Value = "-35°C"; VariantName = "[No Variations]"
Add component (AddParameter): Name = "Throw Configuration"; Value = "SPST-NO"; VariantName = "[No Variations]"
Add component (AddParameter): Name = "Voltage Rating Dc"; Value = "24V"; VariantName = "[No Variations]"
Added Component: Designator=C1(CAP_C_1608X80)
Add component (AddParameter): Name = "Value"; Value = "33pF"; VariantName = "[No Variations]"
Added Component: Designator=C2(CAP_C_1608X80)
Add component (AddParameter): Name = "Value"; Value = "33pF"; VariantName = "[No Variations]"
Added Component: Designator=C3(CAP_C_1608X80)
Add component (AddParameter): Name = "Value"; Value = "33pF"; VariantName = "[No Variations]"
Added Component: Designator=C4(CAP_C_1608X80)
Add component (AddParameter): Name = "Value"; Value = "33pF"; VariantName = "[No Variations]"
Added Component: Designator=C5(CAP_C_1608X80)
Add component (AddParameter): Name = "Value"; Value = "33pF"; VariantName = "[No Variations]"
Added Component: Designator=C6(CAP_C_1608X80)
Add component (AddParameter): Name = "Value"; Value = "33pF"; VariantName = "[No Variations]"
Added Component: Designator=C7(CAP_C_1608X80)
Add component (AddParameter): Name = "Value"; Value = "33pF"; VariantName = "[No Variations]"
Added Component: Designator=C8(CAP_C_1608X80)
Add component (AddParameter): Name = "Value"; Value = "33pF"; VariantName = "[No Variations]"
Added Component: Designator=C9(CAP_C_1608X80)
Add component (AddParameter): Name = "Value"; Value = "33pF"; VariantName = "[No Variations]"
Added Component: Designator=C10(CAP_C_1608X80)
Add component (AddParameter): Name = "Value"; Value = "33pF"; VariantName = "[No Variations]"
Added Component: Designator=C11(CAP_C_1608X80)
Add component (AddParameter): Name = "Value"; Value = "33pF"; VariantName = "[No Variations]"
Added Component: Designator=C12(CAP_C_1608X80)
Add component (AddParameter): Name = "Value"; Value = "33pF"; VariantName = "[No Variations]"
Added Component: Designator=C13(CAP_C_1608X80)
Add component (AddParameter): Name = "Value"; Value = "33pF"; VariantName = "[No Variations]"
Added Component: Designator=C14(CAP_C_1608X80)
Add component (AddParameter): Name = "Value"; Value = "33pF"; VariantName = "[No Variations]"
Added Component: Designator=C15(CAP_C_1608X80)
Add component (AddParameter): Name = "Value"; Value = "33pF"; VariantName = "[No Variations]"
Added Component: Designator=C16(CAP_C_1608X80)
Add component (AddParameter): Name = "Value"; Value = "33pF"; VariantName = "[No Variations]"
Added Component: Designator=C17(CAP_C_1608X80)
Add component (AddParameter): Name = "Value"; Value = "33pF"; VariantName = "[No Variations]"
Added Component: Designator=C18(CAP_C_1608X80)
Add component (AddParameter): Name = "Value"; Value = "33pF"; VariantName = "[No Variations]"
Added Component: Designator=C19(CAP_C_1608X80)
Add component (AddParameter): Name = "Value"; Value = "33pF"; VariantName = "[No Variations]"
Added Component: Designator=C20(CAP_C_1608X80)
Add component (AddParameter): Name = "Value"; Value = "33pF"; VariantName = "[No Variations]"
Added Component: Designator=C21(CAP_C_1608X80)
Add component (AddParameter): Name = "Value"; Value = "33pF"; VariantName = "[No Variations]"
Added Component: Designator=C22(CAP_C_1608X80)
Add component (AddParameter): Name = "Value"; Value = "33pF"; VariantName = "[No Variations]"
Added Component: Designator=C23(CAP_C_1608X80)
Add component (AddParameter): Name = "Value"; Value = "33pF"; VariantName = "[No Variations]"
Added Component: Designator=C24(CAP_C_1608X80)
Add component (AddParameter): Name = "Value"; Value = "33pF"; VariantName = "[No Variations]"
Added Component: Designator=C25(CAP_C_1608X80)
Add component (AddParameter): Name = "Value"; Value = "33pF"; VariantName = "[No Variations]"
Added Component: Designator=C26(CAP_C_1608X80)
Add component (AddParameter): Name = "Value"; Value = "33pF"; VariantName = "[No Variations]"
Added Component: Designator=C27(CAP_C_1608X80)
Add component (AddParameter): Name = "Value"; Value = "33pF"; VariantName = "[No Variations]"
Added Component: Designator=C28(CAP_C_1608X80)
Add component (AddParameter): Name = "Value"; Value = "33pF"; VariantName = "[No Variations]"
Added Component: Designator=C29(CAP_C_1608X80)
Add component (AddParameter): Name = "Value"; Value = "33pF"; VariantName = "[No Variations]"
Added Component: Designator=C30(CAP_C_1608X80)
Add component (AddParameter): Name = "Value"; Value = "33pF"; VariantName = "[No Variations]"
Added Component: Designator=C31(CAP_C_1608X80)
Add component (AddParameter): Name = "Value"; Value = "33pF"; VariantName = "[No Variations]"
Added Component: Designator=C32(CAP_C_1608X80)
Add component (AddParameter): Name = "Value"; Value = "33pF"; VariantName = "[No Variations]"
Added Component: Designator=C33(CAP_C_1608X80)
Add component (AddParameter): Name = "Value"; Value = "33pF"; VariantName = "[No Variations]"
Added Component: Designator=C34(CAP_C_1608X80)
Add component (AddParameter): Name = "Value"; Value = "33pF"; VariantName = "[No Variations]"
Added Component: Designator=C35(CAP_C_1608X80)
Add component (AddParameter): Name = "Value"; Value = "33pF"; VariantName = "[No Variations]"
Added Component: Designator=C36(CAP_C_1608X80)
Add component (AddParameter): Name = "Value"; Value = "33pF"; VariantName = "[No Variations]"
Added Component: Designator=C37(CAP_C_1608X80)
Add component (AddParameter): Name = "Value"; Value = "33pF"; VariantName = "[No Variations]"
Added Component: Designator=C38(CAP_C_1608X80)
Add component (AddParameter): Name = "Value"; Value = "33pF"; VariantName = "[No Variations]"
Added Component: Designator=C39(CAP_MP_1608X90)
Added Component: Designator=C40(CAP_C_1608X80)
Add component (AddParameter): Name = "Value"; Value = "33pF"; VariantName = "[No Variations]"
Added Component: Designator=C41(CAP_MP_1608X90)
Added Component: Designator=C42(CAP_C_1608X80)
Add component (AddParameter): Name = "Value"; Value = "33pF"; VariantName = "[No Variations]"
Added Component: Designator=C43(CAP_C_1608X80)
Add component (AddParameter): Name = "Value"; Value = "33pF"; VariantName = "[No Variations]"
Added Component: Designator=C44(CAP_C_1608X80)
Add component (AddParameter): Name = "Value"; Value = "33pF"; VariantName = "[No Variations]"
Added Component: Designator=C45(CAP_C_1608X80)
Add component (AddParameter): Name = "Value"; Value = "33pF"; VariantName = "[No Variations]"
Added Component: Designator=C46(CAP_C_1608X80)
Add component (AddParameter): Name = "Value"; Value = "33pF"; VariantName = "[No Variations]"
Added Component: Designator=C47(CAP_C_1608X80)
Add component (AddParameter): Name = "Value"; Value = "33pF"; VariantName = "[No Variations]"
Added Component: Designator=C48(CAP_C_1608X80)
Add component (AddParameter): Name = "Value"; Value = "33pF"; VariantName = "[No Variations]"
Added Component: Designator=C49(CAP_C_1608X80)
Add component (AddParameter): Name = "Value"; Value = "33pF"; VariantName = "[No Variations]"
Added Component: Designator=C50(CAP_C_1608X80)
Add component (AddParameter): Name = "Value"; Value = "33pF"; VariantName = "[No Variations]"
Added Component: Designator=C51(CAP_C_1608X80)
Add component (AddParameter): Name = "Value"; Value = "33pF"; VariantName = "[No Variations]"
Added Component: Designator=C52(CAP_C_1608X80)
Add component (AddParameter): Name = "Value"; Value = "33pF"; VariantName = "[No Variations]"
Added Component: Designator=C53(CAP_C_1608X80)
Add component (AddParameter): Name = "Value"; Value = "33pF"; VariantName = "[No Variations]"
Added Component: Designator=C54(CAP_C_1608X80)
Add component (AddParameter): Name = "Value"; Value = "33pF"; VariantName = "[No Variations]"
Added Component: Designator=C55(CAP_C_1608X80)
Add component (AddParameter): Name = "Value"; Value = "33pF"; VariantName = "[No Variations]"
Added Component: Designator=C56(CAP_C_1608X80)
Add component (AddParameter): Name = "Value"; Value = "33pF"; VariantName = "[No Variations]"
Added Component: Designator=C57(CAP_C_1608X80)
Add component (AddParameter): Name = "Value"; Value = "33pF"; VariantName = "[No Variations]"
Added Component: Designator=C58(CAP_C_1608X80)
Add component (AddParameter): Name = "Value"; Value = "33pF"; VariantName = "[No Variations]"
Added Component: Designator=C59(CAP_C_1608X80)
Add component (AddParameter): Name = "Value"; Value = "33pF"; VariantName = "[No Variations]"
Added Component: Designator=C60(CAP_C_1608X80)
Add component (AddParameter): Name = "Value"; Value = "33pF"; VariantName = "[No Variations]"
Added Component: Designator=C61(CAP_C_1608X80)
Add component (AddParameter): Name = "Value"; Value = "33pF"; VariantName = "[No Variations]"
Added Component: Designator=C62(CAP_C_1608X80)
Add component (AddParameter): Name = "Value"; Value = "33pF"; VariantName = "[No Variations]"
Added Component: Designator=C64(CAP_C_1608X80)
Add component (AddParameter): Name = "Value"; Value = "33pF"; VariantName = "[No Variations]"
Added Component: Designator=C65(CAP_C_1608X80)
Add component (AddParameter): Name = "Value"; Value = "33pF"; VariantName = "[No Variations]"
Added Component: Designator=C65(CAP_C_1608X80)
Add component (AddParameter): Name = "Value"; Value = "33pF"; VariantName = "[No Variations]"
Added Component: Designator=C66(CAP_C_1608X80)
Add component (AddParameter): Name = "Value"; Value = "33pF"; VariantName = "[No Variations]"
Added Component: Designator=C67(CAP_C_1608X80)
Add component (AddParameter): Name = "Value"; Value = "33pF"; VariantName = "[No Variations]"
Added Component: Designator=C68(CAP_C_1608X80)
Add component (AddParameter): Name = "Value"; Value = "33pF"; VariantName = "[No Variations]"
Added Component: Designator=C69(CAP_C_1608X80)
Add component (AddParameter): Name = "Value"; Value = "33pF"; VariantName = "[No Variations]"
Added Component: Designator=C70(CAP_C_1608X80)
Add component (AddParameter): Name = "Value"; Value = "33pF"; VariantName = "[No Variations]"
Added Component: Designator=C71(CAP_C_1608X80)
Add component (AddParameter): Name = "Value"; Value = "33pF"; VariantName = "[No Variations]"
Added Component: Designator=C72(CAP_C_1608X80)
Add component (AddParameter): Name = "Value"; Value = "33pF"; VariantName = "[No Variations]"
Added Component: Designator=C73(CAP_C_1608X80)
Add component (AddParameter): Name = "Value"; Value = "33pF"; VariantName = "[No Variations]"
Added Component: Designator=C74(CAP_C_1608X80)
Add component (AddParameter): Name = "Value"; Value = "33pF"; VariantName = "[No Variations]"
Added Component: Designator=C75(CAP_C_1608X80)
Add component (AddParameter): Name = "Value"; Value = "33pF"; VariantName = "[No Variations]"
Added Component: Designator=C76(CAP_C_1608X80)
Add component (AddParameter): Name = "Value"; Value = "33pF"; VariantName = "[No Variations]"
Added Component: Designator=C77(CAP_C_1608X80)
Add component (AddParameter): Name = "Value"; Value = "33pF"; VariantName = "[No Variations]"
Added Component: Designator=C78(CAP_MP_1608X90)
Added Component: Designator=C79(CAP_C_1608X80)
Add component (AddParameter): Name = "Value"; Value = "33pF"; VariantName = "[No Variations]"
Added Component: Designator=C80(CAP_C_1608X80)
Add component (AddParameter): Name = "Value"; Value = "33pF"; VariantName = "[No Variations]"
Added Component: Designator=C81(CAP_C_1608X80)
Add component (AddParameter): Name = "Value"; Value = "33pF"; VariantName = "[No Variations]"
Added Component: Designator=C82(CAP_C_1608X80)
Add component (AddParameter): Name = "Value"; Value = "33pF"; VariantName = "[No Variations]"
Added Component: Designator=C83(CAP_MP_1608X90)
Added Component: Designator=C84(CAP_C_1608X80)
Added Component: Designator=C85(CAP_MP_1608X90)
Added Component: Designator=C86(CAP_C_1608X80)
Added Component: Designator=C87(CAP_C_1608X80)
Add component (AddParameter): Name = "Value"; Value = "33pF"; VariantName = "[No Variations]"
Added Component: Designator=C88(CAP_C_1608X80_L)
Add component (AddParameter): Name = "Value"; Value = "33pF"; VariantName = "[No Variations]"
Added Component: Designator=C89(CAP_C_1608X80_L)
Add component (AddParameter): Name = "Value"; Value = "33pF"; VariantName = "[No Variations]"
Added Component: Designator=C90(CAP_C_1608X80)
Add component (AddParameter): Name = "Value"; Value = "33pF"; VariantName = "[No Variations]"
Added Component: Designator=C91(CAP_C_1608X80)
Add component (AddParameter): Name = "Value"; Value = "33pF"; VariantName = "[No Variations]"
Added Component: Designator=C92(CAP_C_1608X80_L)
Add component (AddParameter): Name = "Value"; Value = "33pF"; VariantName = "[No Variations]"
Added Component: Designator=C93(CAP_C_1608X80)
Add component (AddParameter): Name = "Value"; Value = "33pF"; VariantName = "[No Variations]"
Added Component: Designator=C95(CAP_C_1608X80)
Add component (AddParameter): Name = "Value"; Value = "33pF"; VariantName = "[No Variations]"
Added Component: Designator=C96(CAP_C_1608X80)
Add component (AddParameter): Name = "Value"; Value = "33pF"; VariantName = "[No Variations]"
Added Component: Designator=C97(CAP_C_1608X80)
Add component (AddParameter): Name = "Value"; Value = "33pF"; VariantName = "[No Variations]"
Added Component: Designator=C98(CAP_C_1608X80)
Add component (AddParameter): Name = "Value"; Value = "33pF"; VariantName = "[No Variations]"
Added Component: Designator=C99(CAP_C_1608X80)
Add component (AddParameter): Name = "Value"; Value = "33pF"; VariantName = "[No Variations]"
Added Component: Designator=C100(CAP_C_1608X80)
Add component (AddParameter): Name = "Value"; Value = "33pF"; VariantName = "[No Variations]"
Added Component: Designator=C101(CAP_C_1608X80)
Add component (AddParameter): Name = "Value"; Value = "33pF"; VariantName = "[No Variations]"
Added Component: Designator=C102(CAP_C_1608X80)
Add component (AddParameter): Name = "Value"; Value = "33pF"; VariantName = "[No Variations]"
Added Component: Designator=C(CAP_C_1608X80)
Add component (AddParameter): Name = "Value"; Value = "33pF"; VariantName = "[No Variations]"
Added Component: Designator=D1(FP-SOT323-3L-MFG)
Add component (AddParameter): Name = "Automotive"; Value = "Yes"; VariantName = "[No Variations]"
Add component (AddParameter): Name = "Automotive Grade"; Value = "Grade 0"; VariantName = "[No Variations]"
Add component (AddParameter): Name = "Breakdown Voltage"; Value = "28.5V"; VariantName = "[No Variations]"
Add component (AddParameter): Name = "Capacitance"; Value = "3pF"; VariantName = "[No Variations]"
Add component (AddParameter): Name = "Category"; Value = "Diode"; VariantName = "[No Variations]"
Add component (AddParameter): Name = "Clamping Voltage"; Value = "44V"; VariantName = "[No Variations]"
Add component (AddParameter): Name = "ComponentLink2Description"; Value = "Datasheet"; VariantName = "[No Variations]"
Add component (AddParameter): Name = "ComponentLink2URL"; Value = "https://www.st.com/resource/en/datasheet/esdcan02-2bwy.pdf"; VariantName = "[No Variations]"
Add component (AddParameter): Name = "Device Class L1"; Value = "Circuit Protection"; VariantName = "[No Variations]"
Add component (AddParameter): Name = "Device Class L2"; Value = "TVS Diodes"; VariantName = "[No Variations]"
Add component (AddParameter): Name = "Device Class L3"; Value = "unset"; VariantName = "[No Variations]"
Add component (AddParameter): Name = "Digikey Description"; Value = "TVS DIODE 26.5V 44V SOT323-3"; VariantName = "[No Variations]"
Add component (AddParameter): Name = "Direction"; Value = "Bidirectional"; VariantName = "[No Variations]"
Add component (AddParameter): Name = "Height"; Value = "1.1mm"; VariantName = "[No Variations]"
Add component (AddParameter): Name = "Ipc Land Pattern Name"; Value = "SOT65P210X95-3"; VariantName = "[No Variations]"
Add component (AddParameter): Name = "Lead Free"; Value = "Yes"; VariantName = "[No Variations]"
Add component (AddParameter): Name = "Manufacturer"; Value = "STMicroelectronics"; VariantName = "[No Variations]"
Add component (AddParameter): Name = "Manufacturer Part Number"; Value = "ESDCAN02-2BWY"; VariantName = "[No Variations]"
Add component (AddParameter): Name = "Max Junction Temp"; Value = "+175°C"; VariantName = "[No Variations]"
Add component (AddParameter): Name = "Mouser Description"; Value = "TVS Diodes / ESD Suppressors Automotive dual-line Transil, Transient voltage suppressor (TVS) for CAN bus"; VariantName = "[No Variations]"
Add component (AddParameter): Name = "Number Of Channels"; Value = "2"; VariantName = "[No Variations]"
Add component (AddParameter): Name = "Octopart"; Value = "https://octopart.com/esdcan02-2bwy-stmicroelectronics-58631133"; VariantName = "[No Variations]"
Add component (AddParameter): Name = "Package"; Value = "SOT323-3L"; VariantName = "[No Variations]"
Add component (AddParameter): Name = "Peak Pulse Current"; Value = "3A"; VariantName = "[No Variations]"
Add component (AddParameter): Name = "Peak Pulse Power"; Value = "170W"; VariantName = "[No Variations]"
Add component (AddParameter): Name = "Reverse Standoff Voltage"; Value = "26.5V"; VariantName = "[No Variations]"
Add component (AddParameter): Name = "RoHS"; Value = "TRUE"; VariantName = "[No Variations]"
Add component (AddParameter): Name = "Standoff Height"; Value = "0mm"; VariantName = "[No Variations]"
Add component (AddParameter): Name = "Temperature"; Value = "-55°C to +175°C"; VariantName = "[No Variations]"
Add component (AddParameter): Name = "Temperature Range High"; Value = "+175°C"; VariantName = "[No Variations]"
Add component (AddParameter): Name = "Temperature Range Low"; Value = "-55°C"; VariantName = "[No Variations]"
Add component (AddParameter): Name = "Value"; Value = "3pF"; VariantName = "[No Variations]"
Added Component: Designator=D2(JCET-SMB-2_M)
Add component (AddParameter): Name = "Datasheet URL"; Value = "http://wiki.seeedstudio.com/images/3/3f/0310130P1.pdf"; VariantName = "[No Variations]"
Add component (AddParameter): Name = "Datasheet Version"; Value = "41395.0"; VariantName = "[No Variations]"
Add component (AddParameter): Name = "Manufacturer"; Value = "JCET"; VariantName = "[No Variations]"
Add component (AddParameter): Name = "Manufacturer URL"; Value = "http://www.cj-elec.com/"; VariantName = "[No Variations]"
Add component (AddParameter): Name = "Package Description"; Value = "2-Pin Surface Mount Device, Body 4.315 x 3.62 mm"; VariantName = "[No Variations]"
Add component (AddParameter): Name = "Package Reference"; Value = "SMB-2"; VariantName = "[No Variations]"
Added Component: Designator=DS1(LED-0603-GREEN)
Add component (AddParameter): Name = "Alternate_EMS"; Value = ""; VariantName = "[No Variations]"
Add component (AddParameter): Name = "BMS_Part_Number"; Value = ""; VariantName = "[No Variations]"
Add component (AddParameter): Name = "Component_Country_Of_Origin"; Value = "China"; VariantName = "[No Variations]"
Add component (AddParameter): Name = "ComponentLink1URL"; Value = "http://tunmcdsvn.tun.st.com/Component_Documentation_Library/Trunk/Display/EVERLIGHT_19-213SYGC-S530-E2-5T"; VariantName = "[No Variations]"
Add component (AddParameter): Name = "Full_Alternate_Internal_Part_Number"; Value = "MCD-00320"; VariantName = "[No Variations]"
Add component (AddParameter): Name = "ID"; Value = "5016"; VariantName = "[No Variations]"
Add component (AddParameter): Name = "Internal_Part_Number"; Value = "MCD-02900"; VariantName = "[No Variations]"
Add component (AddParameter): Name = "Manufacturer"; Value = "EVERLIGHT"; VariantName = "[No Variations]"
Add component (AddParameter): Name = "Manufacturer_HQ_COO"; Value = ""; VariantName = "[No Variations]"
Add component (AddParameter): Name = "Manufacturer_Part_Number"; Value = "19-213SYGC/S530-E2/5T"; VariantName = "[No Variations]"
Add component (AddParameter): Name = "Order_Code_Digikey"; Value = "1080-19-213SYGC/S530-E2/5TTR-ND"; VariantName = "[No Variations]"
Add component (AddParameter): Name = "Order_Code_Farnell"; Value = "N/A"; VariantName = "[No Variations]"
Add component (AddParameter): Name = "Order_Code_RS"; Value = "N/A"; VariantName = "[No Variations]"
Add component (AddParameter): Name = "Package"; Value = "0603"; VariantName = "[No Variations]"
Add component (AddParameter): Name = "Part_Preference"; Value = "Recommended"; VariantName = "[No Variations]"
Add component (AddParameter): Name = "Part_Type"; Value = "Display"; VariantName = "[No Variations]"
Add component (AddParameter): Name = "Partial_Alternate_Internal_Part_Number"; Value = "MCD-00050"; VariantName = "[No Variations]"
Add component (AddParameter): Name = "Revision"; Value = ""; VariantName = "[No Variations]"
Add component (AddParameter): Name = "ShowFields"; Value = "YES"; VariantName = "[No Variations]"
Add component (AddParameter): Name = "Status"; Value = "Checked"; VariantName = "[No Variations]"
Add component (AddParameter): Name = "Value"; Value = "GREEN"; VariantName = "[No Variations]"
Added Component: Designator=DS2(LED-0603-RED)
Add component (AddParameter): Name = "Alternate_EMS"; Value = ""; VariantName = "[No Variations]"
Add component (AddParameter): Name = "BMS_Part_Number"; Value = ""; VariantName = "[No Variations]"
Add component (AddParameter): Name = "Component_Country_Of_Origin"; Value = "China"; VariantName = "[No Variations]"
Add component (AddParameter): Name = "ComponentLink1URL"; Value = "http://tunmcdsvn.tun.st.com/Component_Documentation_Library/Trunk/Display/EVERLIGHT_19-213-R6C-AP1Q2B-5T"; VariantName = "[No Variations]"
Add component (AddParameter): Name = "Full_Alternate_Internal_Part_Number"; Value = "MCD-00049"; VariantName = "[No Variations]"
Add component (AddParameter): Name = "ID"; Value = "5015"; VariantName = "[No Variations]"
Add component (AddParameter): Name = "Internal_Part_Number"; Value = "MCD-02899"; VariantName = "[No Variations]"
Add component (AddParameter): Name = "Manufacturer"; Value = "EVERLIGHT"; VariantName = "[No Variations]"
Add component (AddParameter): Name = "Manufacturer_HQ_COO"; Value = ""; VariantName = "[No Variations]"
Add component (AddParameter): Name = "Manufacturer_Part_Number"; Value = "19-213/R6C-AP1Q2B/5T"; VariantName = "[No Variations]"
Add component (AddParameter): Name = "Order_Code_Digikey"; Value = "1080-19-213/R6C-AP1Q2B/5TTR-ND"; VariantName = "[No Variations]"
Add component (AddParameter): Name = "Order_Code_Farnell"; Value = "N/A"; VariantName = "[No Variations]"
Add component (AddParameter): Name = "Order_Code_RS"; Value = "N/A"; VariantName = "[No Variations]"
Add component (AddParameter): Name = "Package"; Value = "0603"; VariantName = "[No Variations]"
Add component (AddParameter): Name = "Part_Preference"; Value = "Recommended"; VariantName = "[No Variations]"
Add component (AddParameter): Name = "Part_Type"; Value = "Display"; VariantName = "[No Variations]"
Add component (AddParameter): Name = "Partial_Alternate_Internal_Part_Number"; Value = ""; VariantName = "[No Variations]"
Add component (AddParameter): Name = "Revision"; Value = ""; VariantName = "[No Variations]"
Add component (AddParameter): Name = "ShowFields"; Value = "YES"; VariantName = "[No Variations]"
Add component (AddParameter): Name = "Status"; Value = "Checked"; VariantName = "[No Variations]"
Add component (AddParameter): Name = "Value"; Value = "RED"; VariantName = "[No Variations]"
Added Component: Designator=DS3(LED-0603-RED)
Add component (AddParameter): Name = "Alternate_EMS"; Value = ""; VariantName = "[No Variations]"
Add component (AddParameter): Name = "BMS_Part_Number"; Value = ""; VariantName = "[No Variations]"
Add component (AddParameter): Name = "Component_Country_Of_Origin"; Value = "China"; VariantName = "[No Variations]"
Add component (AddParameter): Name = "ComponentLink1URL"; Value = "http://tunmcdsvn.tun.st.com/Component_Documentation_Library/Trunk/Display/EVERLIGHT_19-213-R6C-AP1Q2B-5T"; VariantName = "[No Variations]"
Add component (AddParameter): Name = "Full_Alternate_Internal_Part_Number"; Value = "MCD-00049"; VariantName = "[No Variations]"
Add component (AddParameter): Name = "ID"; Value = "5015"; VariantName = "[No Variations]"
Add component (AddParameter): Name = "Internal_Part_Number"; Value = "MCD-02899"; VariantName = "[No Variations]"
Add component (AddParameter): Name = "Manufacturer"; Value = "EVERLIGHT"; VariantName = "[No Variations]"
Add component (AddParameter): Name = "Manufacturer_HQ_COO"; Value = ""; VariantName = "[No Variations]"
Add component (AddParameter): Name = "Manufacturer_Part_Number"; Value = "19-213/R6C-AP1Q2B/5T"; VariantName = "[No Variations]"
Add component (AddParameter): Name = "Order_Code_Digikey"; Value = "1080-19-213/R6C-AP1Q2B/5TTR-ND"; VariantName = "[No Variations]"
Add component (AddParameter): Name = "Order_Code_Farnell"; Value = "N/A"; VariantName = "[No Variations]"
Add component (AddParameter): Name = "Order_Code_RS"; Value = "N/A"; VariantName = "[No Variations]"
Add component (AddParameter): Name = "Package"; Value = "0603"; VariantName = "[No Variations]"
Add component (AddParameter): Name = "Part_Preference"; Value = "Recommended"; VariantName = "[No Variations]"
Add component (AddParameter): Name = "Part_Type"; Value = "Display"; VariantName = "[No Variations]"
Add component (AddParameter): Name = "Partial_Alternate_Internal_Part_Number"; Value = ""; VariantName = "[No Variations]"
Add component (AddParameter): Name = "Revision"; Value = ""; VariantName = "[No Variations]"
Add component (AddParameter): Name = "ShowFields"; Value = "YES"; VariantName = "[No Variations]"
Add component (AddParameter): Name = "Status"; Value = "Checked"; VariantName = "[No Variations]"
Add component (AddParameter): Name = "Value"; Value = "RED"; VariantName = "[No Variations]"
Added Component: Designator=DS4(LED-0603-GREEN)
Add component (AddParameter): Name = "Alternate_EMS"; Value = ""; VariantName = "[No Variations]"
Add component (AddParameter): Name = "BMS_Part_Number"; Value = ""; VariantName = "[No Variations]"
Add component (AddParameter): Name = "Component_Country_Of_Origin"; Value = "China"; VariantName = "[No Variations]"
Add component (AddParameter): Name = "ComponentLink1URL"; Value = "http://tunmcdsvn.tun.st.com/Component_Documentation_Library/Trunk/Display/EVERLIGHT_19-213SYGC-S530-E2-5T"; VariantName = "[No Variations]"
Add component (AddParameter): Name = "Full_Alternate_Internal_Part_Number"; Value = "MCD-00320"; VariantName = "[No Variations]"
Add component (AddParameter): Name = "ID"; Value = "5016"; VariantName = "[No Variations]"
Add component (AddParameter): Name = "Internal_Part_Number"; Value = "MCD-02900"; VariantName = "[No Variations]"
Add component (AddParameter): Name = "Manufacturer"; Value = "EVERLIGHT"; VariantName = "[No Variations]"
Add component (AddParameter): Name = "Manufacturer_HQ_COO"; Value = ""; VariantName = "[No Variations]"
Add component (AddParameter): Name = "Manufacturer_Part_Number"; Value = "19-213SYGC/S530-E2/5T"; VariantName = "[No Variations]"
Add component (AddParameter): Name = "Order_Code_Digikey"; Value = "1080-19-213SYGC/S530-E2/5TTR-ND"; VariantName = "[No Variations]"
Add component (AddParameter): Name = "Order_Code_Farnell"; Value = "N/A"; VariantName = "[No Variations]"
Add component (AddParameter): Name = "Order_Code_RS"; Value = "N/A"; VariantName = "[No Variations]"
Add component (AddParameter): Name = "Package"; Value = "0603"; VariantName = "[No Variations]"
Add component (AddParameter): Name = "Part_Preference"; Value = "Recommended"; VariantName = "[No Variations]"
Add component (AddParameter): Name = "Part_Type"; Value = "Display"; VariantName = "[No Variations]"
Add component (AddParameter): Name = "Partial_Alternate_Internal_Part_Number"; Value = "MCD-00050"; VariantName = "[No Variations]"
Add component (AddParameter): Name = "Revision"; Value = ""; VariantName = "[No Variations]"
Add component (AddParameter): Name = "ShowFields"; Value = "YES"; VariantName = "[No Variations]"
Add component (AddParameter): Name = "Status"; Value = "Checked"; VariantName = "[No Variations]"
Add component (AddParameter): Name = "Value"; Value = "GREEN"; VariantName = "[No Variations]"
Added Component: Designator=FB1(FP-BLM03-0_03-d0_3-IPC_C)
Add component (AddParameter): Name = "Case Code (Imperial)"; Value = "0201"; VariantName = "[No Variations]"
Add component (AddParameter): Name = "Case Code (Metric)"; Value = "0603"; VariantName = "[No Variations]"
Add component (AddParameter): Name = "Case/Package"; Value = "0201"; VariantName = "[No Variations]"
Add component (AddParameter): Name = "Current Rating"; Value = "750mA"; VariantName = "[No Variations]"
Add component (AddParameter): Name = "DC Resistance (DCR)"; Value = "90mR"; VariantName = "[No Variations]"
Add component (AddParameter): Name = "Height"; Value = "0.3mm"; VariantName = "[No Variations]"
Add component (AddParameter): Name = "Impedance"; Value = "33R"; VariantName = "[No Variations]"
Add component (AddParameter): Name = "Lead Free"; Value = "Lead Free"; VariantName = "[No Variations]"
Add component (AddParameter): Name = "Length"; Value = "0.6mm"; VariantName = "[No Variations]"
Add component (AddParameter): Name = "Material"; Value = "Steel"; VariantName = "[No Variations]"
Add component (AddParameter): Name = "Max Current Rating"; Value = "750mA"; VariantName = "[No Variations]"
Add component (AddParameter): Name = "Max DC Current"; Value = "750mA"; VariantName = "[No Variations]"
Add component (AddParameter): Name = "Max Operating Temperature"; Value = "125°C"; VariantName = "[No Variations]"
Add component (AddParameter): Name = "Min Operating Temperature"; Value = "-55°C"; VariantName = "[No Variations]"
Add component (AddParameter): Name = "Number of Circuits"; Value = "1"; VariantName = "[No Variations]"
Add component (AddParameter): Name = "Number of Lines"; Value = "1"; VariantName = "[No Variations]"
Add component (AddParameter): Name = "Number of Pins"; Value = "2"; VariantName = "[No Variations]"
Add component (AddParameter): Name = "Package Quantity"; Value = "1"; VariantName = "[No Variations]"
Add component (AddParameter): Name = "Packaging"; Value = "Tape and Reel"; VariantName = "[No Variations]"
Add component (AddParameter): Name = "REACH SVHC"; Value = "No SVHC"; VariantName = "[No Variations]"
Add component (AddParameter): Name = "RoHS Compliant"; Value = "Yes"; VariantName = "[No Variations]"
Add component (AddParameter): Name = "Series"; Value = "BLM03P"; VariantName = "[No Variations]"
Add component (AddParameter): Name = "Termination"; Value = "SMD/SMT"; VariantName = "[No Variations]"
Add component (AddParameter): Name = "Test Frequency"; Value = "100MHz"; VariantName = "[No Variations]"
Add component (AddParameter): Name = "Tolerance"; Value = "25%"; VariantName = "[No Variations]"
Add component (AddParameter): Name = "Width"; Value = "0.3mm"; VariantName = "[No Variations]"
Added Component: Designator=FB2(FP-BLM18-0_15-t0_8-IPC_A)
Add component (AddParameter): Name = "Case Code (Imperial)"; Value = "0603"; VariantName = "[No Variations]"
Add component (AddParameter): Name = "Case Code (Metric)"; Value = "1608"; VariantName = "[No Variations]"
Add component (AddParameter): Name = "Case/Package"; Value = "0603"; VariantName = "[No Variations]"
Add component (AddParameter): Name = "Core Material"; Value = "Ferrite"; VariantName = "[No Variations]"
Add component (AddParameter): Name = "Current Rating"; Value = "1.3A"; VariantName = "[No Variations]"
Add component (AddParameter): Name = "DC Current"; Value = "1.3A"; VariantName = "[No Variations]"
Add component (AddParameter): Name = "DC Resistance (DCR)"; Value = "150mR"; VariantName = "[No Variations]"
Add component (AddParameter): Name = "Depth"; Value = "0.8mm"; VariantName = "[No Variations]"
Add component (AddParameter): Name = "Height"; Value = "0.8mm"; VariantName = "[No Variations]"
Add component (AddParameter): Name = "Impedance"; Value = "600R"; VariantName = "[No Variations]"
Add component (AddParameter): Name = "Inductor Type"; Value = "FERRITE BEAD"; VariantName = "[No Variations]"
Add component (AddParameter): Name = "Lead Free"; Value = "Lead Free"; VariantName = "[No Variations]"
Add component (AddParameter): Name = "Length"; Value = "1.6mm"; VariantName = "[No Variations]"
Add component (AddParameter): Name = "Material"; Value = "Steel"; VariantName = "[No Variations]"
Add component (AddParameter): Name = "Max Current Rating"; Value = "1.3A"; VariantName = "[No Variations]"
Add component (AddParameter): Name = "Max DC Current"; Value = "1.3A"; VariantName = "[No Variations]"
Add component (AddParameter): Name = "Max Operating Temperature"; Value = "125°C"; VariantName = "[No Variations]"
Add component (AddParameter): Name = "Military Standard"; Value = "Not"; VariantName = "[No Variations]"
Add component (AddParameter): Name = "Min Operating Temperature"; Value = "-55°C"; VariantName = "[No Variations]"
Add component (AddParameter): Name = "Number of Circuits"; Value = "1"; VariantName = "[No Variations]"
Add component (AddParameter): Name = "Number of Lines"; Value = "1"; VariantName = "[No Variations]"
Add component (AddParameter): Name = "Number of Pins"; Value = "2"; VariantName = "[No Variations]"
Add component (AddParameter): Name = "Package Quantity"; Value = "1"; VariantName = "[No Variations]"
Add component (AddParameter): Name = "Packaging"; Value = "Tape and Reel"; VariantName = "[No Variations]"
Add component (AddParameter): Name = "Radiation Hardening"; Value = "No"; VariantName = "[No Variations]"
Add component (AddParameter): Name = "REACH SVHC"; Value = "No SVHC"; VariantName = "[No Variations]"
Add component (AddParameter): Name = "RoHS Compliant"; Value = "Yes"; VariantName = "[No Variations]"
Add component (AddParameter): Name = "Series"; Value = "BLM18K"; VariantName = "[No Variations]"
Add component (AddParameter): Name = "Termination"; Value = "SMD/SMT"; VariantName = "[No Variations]"
Add component (AddParameter): Name = "Test Frequency"; Value = "100MHz"; VariantName = "[No Variations]"
Add component (AddParameter): Name = "Tolerance"; Value = "25%"; VariantName = "[No Variations]"
Add component (AddParameter): Name = "Weight"; Value = "7.1E-05oz"; VariantName = "[No Variations]"
Add component (AddParameter): Name = "Width"; Value = "0.8mm"; VariantName = "[No Variations]"
Added Component: Designator=FB3(FP-BLM18-0_15-t0_8-IPC_A)
Add component (AddParameter): Name = "Case Code (Imperial)"; Value = "0603"; VariantName = "[No Variations]"
Add component (AddParameter): Name = "Case Code (Metric)"; Value = "1608"; VariantName = "[No Variations]"
Add component (AddParameter): Name = "Case/Package"; Value = "0603"; VariantName = "[No Variations]"
Add component (AddParameter): Name = "Core Material"; Value = "Ferrite"; VariantName = "[No Variations]"
Add component (AddParameter): Name = "Current Rating"; Value = "2A"; VariantName = "[No Variations]"
Add component (AddParameter): Name = "DC Current"; Value = "2A"; VariantName = "[No Variations]"
Add component (AddParameter): Name = "DC Resistance (DCR)"; Value = "50mR"; VariantName = "[No Variations]"
Add component (AddParameter): Name = "Depth"; Value = "0.8mm"; VariantName = "[No Variations]"
Add component (AddParameter): Name = "Frequency"; Value = "100MHz"; VariantName = "[No Variations]"
Add component (AddParameter): Name = "Height"; Value = "0.8mm"; VariantName = "[No Variations]"
Add component (AddParameter): Name = "Impedance"; Value = "120R"; VariantName = "[No Variations]"
Add component (AddParameter): Name = "Lead Free"; Value = "Lead Free"; VariantName = "[No Variations]"
Add component (AddParameter): Name = "Length"; Value = "1.6mm"; VariantName = "[No Variations]"
Add component (AddParameter): Name = "Material"; Value = "Steel"; VariantName = "[No Variations]"
Add component (AddParameter): Name = "Max Current Rating"; Value = "2A"; VariantName = "[No Variations]"
Add component (AddParameter): Name = "Max DC Current"; Value = "2A"; VariantName = "[No Variations]"
Add component (AddParameter): Name = "Max Operating Temperature"; Value = "125°C"; VariantName = "[No Variations]"
Add component (AddParameter): Name = "Min Operating Temperature"; Value = "-55°C"; VariantName = "[No Variations]"
Add component (AddParameter): Name = "Number of Circuits"; Value = "1"; VariantName = "[No Variations]"
Add component (AddParameter): Name = "Number of Lines"; Value = "1"; VariantName = "[No Variations]"
Add component (AddParameter): Name = "Number of Pins"; Value = "2"; VariantName = "[No Variations]"
Add component (AddParameter): Name = "Package Quantity"; Value = "1"; VariantName = "[No Variations]"
Add component (AddParameter): Name = "Packaging"; Value = "Tape and Reel"; VariantName = "[No Variations]"
Add component (AddParameter): Name = "Radiation Hardening"; Value = "No"; VariantName = "[No Variations]"
Add component (AddParameter): Name = "REACH SVHC"; Value = "No SVHC"; VariantName = "[No Variations]"
Add component (AddParameter): Name = "RoHS Compliant"; Value = "Yes"; VariantName = "[No Variations]"
Add component (AddParameter): Name = "Shielding"; Value = "Unshielded"; VariantName = "[No Variations]"
Add component (AddParameter): Name = "Termination"; Value = "SMD/SMT"; VariantName = "[No Variations]"
Add component (AddParameter): Name = "Test Frequency"; Value = "100MHz"; VariantName = "[No Variations]"
Add component (AddParameter): Name = "Tolerance"; Value = "25%"; VariantName = "[No Variations]"
Add component (AddParameter): Name = "Width"; Value = "0.8mm"; VariantName = "[No Variations]"
Added Component: Designator=FB4(FP-BLM18-0_15-t0_8-IPC_A)
Add component (AddParameter): Name = "Case Code (Imperial)"; Value = "0603"; VariantName = "[No Variations]"
Add component (AddParameter): Name = "Case Code (Metric)"; Value = "1608"; VariantName = "[No Variations]"
Add component (AddParameter): Name = "Case/Package"; Value = "0603"; VariantName = "[No Variations]"
Add component (AddParameter): Name = "Core Material"; Value = "Ferrite"; VariantName = "[No Variations]"
Add component (AddParameter): Name = "Current Rating"; Value = "2A"; VariantName = "[No Variations]"
Add component (AddParameter): Name = "DC Current"; Value = "2A"; VariantName = "[No Variations]"
Add component (AddParameter): Name = "DC Resistance (DCR)"; Value = "50mR"; VariantName = "[No Variations]"
Add component (AddParameter): Name = "Depth"; Value = "0.8mm"; VariantName = "[No Variations]"
Add component (AddParameter): Name = "Frequency"; Value = "100MHz"; VariantName = "[No Variations]"
Add component (AddParameter): Name = "Height"; Value = "0.8mm"; VariantName = "[No Variations]"
Add component (AddParameter): Name = "Impedance"; Value = "120R"; VariantName = "[No Variations]"
Add component (AddParameter): Name = "Lead Free"; Value = "Lead Free"; VariantName = "[No Variations]"
Add component (AddParameter): Name = "Length"; Value = "1.6mm"; VariantName = "[No Variations]"
Add component (AddParameter): Name = "Material"; Value = "Steel"; VariantName = "[No Variations]"
Add component (AddParameter): Name = "Max Current Rating"; Value = "2A"; VariantName = "[No Variations]"
Add component (AddParameter): Name = "Max DC Current"; Value = "2A"; VariantName = "[No Variations]"
Add component (AddParameter): Name = "Max Operating Temperature"; Value = "125°C"; VariantName = "[No Variations]"
Add component (AddParameter): Name = "Min Operating Temperature"; Value = "-55°C"; VariantName = "[No Variations]"
Add component (AddParameter): Name = "Number of Circuits"; Value = "1"; VariantName = "[No Variations]"
Add component (AddParameter): Name = "Number of Lines"; Value = "1"; VariantName = "[No Variations]"
Add component (AddParameter): Name = "Number of Pins"; Value = "2"; VariantName = "[No Variations]"
Add component (AddParameter): Name = "Package Quantity"; Value = "1"; VariantName = "[No Variations]"
Add component (AddParameter): Name = "Packaging"; Value = "Tape and Reel"; VariantName = "[No Variations]"
Add component (AddParameter): Name = "Radiation Hardening"; Value = "No"; VariantName = "[No Variations]"
Add component (AddParameter): Name = "REACH SVHC"; Value = "No SVHC"; VariantName = "[No Variations]"
Add component (AddParameter): Name = "RoHS Compliant"; Value = "Yes"; VariantName = "[No Variations]"
Add component (AddParameter): Name = "Shielding"; Value = "Unshielded"; VariantName = "[No Variations]"
Add component (AddParameter): Name = "Termination"; Value = "SMD/SMT"; VariantName = "[No Variations]"
Add component (AddParameter): Name = "Test Frequency"; Value = "100MHz"; VariantName = "[No Variations]"
Add component (AddParameter): Name = "Tolerance"; Value = "25%"; VariantName = "[No Variations]"
Add component (AddParameter): Name = "Width"; Value = "0.8mm"; VariantName = "[No Variations]"
Added Component: Designator=J1(FP-TSW-102-07-G-S-MFG)
Add component (AddParameter): Name = "Automotive"; Value = "No"; VariantName = "[No Variations]"
Add component (AddParameter): Name = "Category"; Value = "Conn"; VariantName = "[No Variations]"
Add component (AddParameter): Name = "ComponentLink2Description"; Value = "Datasheet"; VariantName = "[No Variations]"
Add component (AddParameter): Name = "ComponentLink2URL"; Value = "http://suddendocs.samtec.com/catalog_english/tsw_th.pdf"; VariantName = "[No Variations]"
Add component (AddParameter): Name = "Conn Gender"; Value = "Male"; VariantName = "[No Variations]"
Add component (AddParameter): Name = "Conn Orientation"; Value = "Straight"; VariantName = "[No Variations]"
Add component (AddParameter): Name = "Contact Material"; Value = "Gold,Nickel"; VariantName = "[No Variations]"
Add component (AddParameter): Name = "Current Rating"; Value = "6.3A"; VariantName = "[No Variations]"
Add component (AddParameter): Name = "Device Class L1"; Value = "Connectors"; VariantName = "[No Variations]"
Add component (AddParameter): Name = "Device Class L2"; Value = "Headers and Wire Housings"; VariantName = "[No Variations]"
Add component (AddParameter): Name = "Device Class L3"; Value = "unset"; VariantName = "[No Variations]"
Add component (AddParameter): Name = "Digikey Description"; Value = "CONN HEADER VERT 2POS 2.54MM"; VariantName = "[No Variations]"
Add component (AddParameter): Name = "Footprint Url"; Value = "http://suddendocs.samtec.com/prints/tsw-xxx-xx-x-x-xx-xxx-footprint.pdf"; VariantName = "[No Variations]"
Add component (AddParameter): Name = "Height"; Value = "8.71mm"; VariantName = "[No Variations]"
Add component (AddParameter): Name = "Lead Free"; Value = "Yes"; VariantName = "[No Variations]"
Add component (AddParameter): Name = "Manufacturer"; Value = "Samtec"; VariantName = "[No Variations]"
Add component (AddParameter): Name = "Manufacturer Part Number"; Value = "TSW-102-07-G-S"; VariantName = "[No Variations]"
Add component (AddParameter): Name = "Mouser Description"; Value = "Conn Unshrouded Header HDR 2 POS 2.54mm Solder ST Thru-Hole Automotive Bulk"; VariantName = "[No Variations]"
Add component (AddParameter): Name = "Number Of Contacts"; Value = "2"; VariantName = "[No Variations]"
Add component (AddParameter): Name = "Number Of Rows"; Value = "1"; VariantName = "[No Variations]"
Add component (AddParameter): Name = "Octopart"; Value = "https://octopart.com/tsw-102-07-g-s-samtec-272197"; VariantName = "[No Variations]"
Add component (AddParameter): Name = "Package"; Value = "TSW-102-07-G-S"; VariantName = "[No Variations]"
Add component (AddParameter): Name = "Pitch"; Value = "2.54mm"; VariantName = "[No Variations]"
Add component (AddParameter): Name = "RoHS"; Value = "TRUE"; VariantName = "[No Variations]"
Add component (AddParameter): Name = "Temperature"; Value = "-55°C to +125°C"; VariantName = "[No Variations]"
Add component (AddParameter): Name = "Temperature Range High"; Value = "+125°C"; VariantName = "[No Variations]"
Add component (AddParameter): Name = "Temperature Range Low"; Value = "-55°C"; VariantName = "[No Variations]"
Add component (AddParameter): Name = "Voltage Rating"; Value = "550V"; VariantName = "[No Variations]"
Added Component: Designator=J2(FP-47590-0001-MFG)
Add component (AddParameter): Name = "Color"; Value = "Black"; VariantName = "[No Variations]"
Add component (AddParameter): Name = "Connector Type"; Value = "Receptacle, USB"; VariantName = "[No Variations]"
Add component (AddParameter): Name = "Contact Material"; Value = "Copper"; VariantName = "[No Variations]"
Add component (AddParameter): Name = "Contact Plating"; Value = "Gold"; VariantName = "[No Variations]"
Add component (AddParameter): Name = "Contact Resistance"; Value = "40mΩ"; VariantName = "[No Variations]"
Add component (AddParameter): Name = "Country of Origin"; Value = "US"; VariantName = "[No Variations]"
Add component (AddParameter): Name = "Current Rating"; Value = "1.8A"; VariantName = "[No Variations]"
Add component (AddParameter): Name = "Depth"; Value = "5.8mm"; VariantName = "[No Variations]"
Add component (AddParameter): Name = "Gender"; Value = "Female"; VariantName = "[No Variations]"
Add component (AddParameter): Name = "Height"; Value = "3.1mm"; VariantName = "[No Variations]"
Add component (AddParameter): Name = "Housing Material"; Value = "Polymer"; VariantName = "[No Variations]"
Add component (AddParameter): Name = "Length"; Value = "8.65mm"; VariantName = "[No Variations]"
Add component (AddParameter): Name = "Lifecycle Status"; Value = "Production"; VariantName = "[No Variations]"
Add component (AddParameter): Name = "Manufacturer Lifecycle Status"; Value = "ACTIVE"; VariantName = "[No Variations]"
Add component (AddParameter): Name = "Max Operating Temperature"; Value = "85°C"; VariantName = "[No Variations]"
Add component (AddParameter): Name = "Max Voltage Rating (AC)"; Value = "100V"; VariantName = "[No Variations]"
Add component (AddParameter): Name = "Min Operating Temperature"; Value = "-30°C"; VariantName = "[No Variations]"
Add component (AddParameter): Name = "Mount"; Value = "Surface Mount"; VariantName = "[No Variations]"
Add component (AddParameter): Name = "NexarPartId"; Value = "7614144"; VariantName = "[No Variations]"
Add component (AddParameter): Name = "Number of Circuits"; Value = "5"; VariantName = "[No Variations]"
Add component (AddParameter): Name = "Number of Contacts"; Value = "5"; VariantName = "[No Variations]"
Add component (AddParameter): Name = "Number of Pins"; Value = "5"; VariantName = "[No Variations]"
Add component (AddParameter): Name = "Number of Ports"; Value = "1"; VariantName = "[No Variations]"
Add component (AddParameter): Name = "Number of Rows"; Value = "1"; VariantName = "[No Variations]"
Add component (AddParameter): Name = "Number of Terminals"; Value = "5"; VariantName = "[No Variations]"
Add component (AddParameter): Name = "Orientation"; Value = "Right Angle"; VariantName = "[No Variations]"
Add component (AddParameter): Name = "Packaging"; Value = "Tape & Reel"; VariantName = "[No Variations]"
Add component (AddParameter): Name = "Pitch"; Value = "650µm"; VariantName = "[No Variations]"
Add component (AddParameter): Name = "Plating"; Value = "Gold"; VariantName = "[No Variations]"
Add component (AddParameter): Name = "Radiation Hardening"; Value = "No"; VariantName = "[No Variations]"
Add component (AddParameter): Name = "REACH SVHC"; Value = "Unknown"; VariantName = "[No Variations]"
Add component (AddParameter): Name = "RoHS"; Value = "Compliant"; VariantName = "[No Variations]"
Add component (AddParameter): Name = "Schedule B"; Value = "8536695050, 8536695050"; VariantName = "[No Variations]"
Add component (AddParameter): Name = "Termination"; Value = "Solder"; VariantName = "[No Variations]"
Add component (AddParameter): Name = "USB Standard"; Value = "USB 2.0"; VariantName = "[No Variations]"
Add component (AddParameter): Name = "Voltage Rating"; Value = "30V"; VariantName = "[No Variations]"
Add component (AddParameter): Name = "Voltage Rating (AC)"; Value = "30V"; VariantName = "[No Variations]"
Add component (AddParameter): Name = "Weight"; Value = "9.071847g"; VariantName = "[No Variations]"
Add component (AddParameter): Name = "Width"; Value = "6.35mm"; VariantName = "[No Variations]"
Added Component: Designator=J3(5040500991)
Added Component: Designator=J4(5040500991)
Added Component: Designator=J5(CONN_5040500591_MOL)
Add component (AddParameter): Name = "Copyright"; Value = "Copyright (C) 2025 Ultra Librarian. All rights reserved."; VariantName = "[No Variations]"
Add component (AddParameter): Name = "Manufacturer_Name"; Value = "Molex Connector Corporation"; VariantName = "[No Variations]"
Add component (AddParameter): Name = "Manufacturer_Part_Number"; Value = "5040500591"; VariantName = "[No Variations]"
Add component (AddParameter): Name = "RefDes"; Value = "RefDes"; VariantName = "[No Variations]"
Add component (AddParameter): Name = "Type"; Value = "Type"; VariantName = "[No Variations]"
Added Component: Designator=J6(009159010061911)
Added Component: Designator=J8(61301021121)
Add component (AddParameter): Name = "Category"; Value = "Board-to-Board Connectors"; VariantName = "[No Variations]"
Add component (AddParameter): Name = "ComponentLink1Description"; Value = "Website Link"; VariantName = "[No Variations]"
Add component (AddParameter): Name = "ComponentLink1URL"; Value = "https://www.we-online.com/redexpert/article/61301021121?ad"; VariantName = "[No Variations]"
Add component (AddParameter): Name = "ComponentLink2Description"; Value = "Datasheet Link"; VariantName = "[No Variations]"
Add component (AddParameter): Name = "ComponentLink2URL"; Value = "https://www.we-online.com/redexpert/spec/61301021121?ad"; VariantName = "[No Variations]"
Add component (AddParameter): Name = "Contact Resistance"; Value = "20mOhm"; VariantName = "[No Variations]"
Add component (AddParameter): Name = "Gender"; Value = "Pin Header"; VariantName = "[No Variations]"
Add component (AddParameter): Name = "Manufacturer"; Value = "Wurth Elektronik"; VariantName = "[No Variations]"
Add component (AddParameter): Name = "Manufacturer Part Number"; Value = "61301021121"; VariantName = "[No Variations]"
Add component (AddParameter): Name = "Match Code"; Value = "WR-PHD"; VariantName = "[No Variations]"
Add component (AddParameter): Name = "Mount"; Value = "Through Hole"; VariantName = "[No Variations]"
Add component (AddParameter): Name = "Number of Pins"; Value = "10"; VariantName = "[No Variations]"
Add component (AddParameter): Name = "Number of Rows"; Value = "2"; VariantName = "[No Variations]"
Add component (AddParameter): Name = "Operating Temperature Max"; Value = "105°C"; VariantName = "[No Variations]"
Add component (AddParameter): Name = "Operating Temperature Min"; Value = "-40°C"; VariantName = "[No Variations]"
Add component (AddParameter): Name = "Orientation"; Value = "Vertical"; VariantName = "[No Variations]"
Add component (AddParameter): Name = "Packaging"; Value = "Bag"; VariantName = "[No Variations]"
Add component (AddParameter): Name = "Pitch"; Value = "2.54mm"; VariantName = "[No Variations]"
Add component (AddParameter): Name = "Rated Current"; Value = "3A"; VariantName = "[No Variations]"
Add component (AddParameter): Name = "Withstanding Voltage"; Value = "500V"; VariantName = "[No Variations]"
Add component (AddParameter): Name = "Working Voltage"; Value = "250V"; VariantName = "[No Variations]"
Added Component: Designator=J9(ESQ-126-14-G-D)
Added Component: Designator=J10(ESQ-126-14-G-D)
Added Component: Designator=J11(CONN_5040500991_MOL)
Add component (AddParameter): Name = "Copyright"; Value = "Copyright (C) 2025 Ultra Librarian. All rights reserved."; VariantName = "[No Variations]"
Add component (AddParameter): Name = "Manufacturer_Name"; Value = "Molex Connector Corporation"; VariantName = "[No Variations]"
Add component (AddParameter): Name = "Manufacturer_Part_Number"; Value = "5040500991"; VariantName = "[No Variations]"
Add component (AddParameter): Name = "RefDes"; Value = "RefDes"; VariantName = "[No Variations]"
Add component (AddParameter): Name = "Type"; Value = "Type"; VariantName = "[No Variations]"
Added Component: Designator=L2(SRP7050TA-220M)
Added Component: Designator=L?(INDC1608X95N)
Added Component: Designator=Q1(SOIC127P599X175-8N)
Added Component: Designator=Q2(ONSC-SOT-23-3-318-08_V)
Add component (AddParameter): Name = "ComponentLink1Description"; Value = "Manufacturer URL"; VariantName = "[No Variations]"
Add component (AddParameter): Name = "ComponentLink1URL"; Value = "http://www.onsemi.com/"; VariantName = "[No Variations]"
Add component (AddParameter): Name = "ComponentLink2Description"; Value = "Datasheet"; VariantName = "[No Variations]"
Add component (AddParameter): Name = "ComponentLink2URL"; Value = "http://www.onsemi.cn/pub_link/Collateral/MMBTA42LT1-D.PDF"; VariantName = "[No Variations]"
Add component (AddParameter): Name = "ComponentLink3Description"; Value = "Package Specification"; VariantName = "[No Variations]"
Add component (AddParameter): Name = "ComponentLink3URL"; Value = "http://www.onsemi.cn/pub_link/Collateral/318-08.PDF"; VariantName = "[No Variations]"
Add component (AddParameter): Name = "DatasheetVersion"; Value = "Rev. 12"; VariantName = "[No Variations]"
Add component (AddParameter): Name = "fT Min (MHz)"; Value = "50"; VariantName = "[No Variations]"
Add component (AddParameter): Name = "IC Continuous (A)"; Value = "0.5"; VariantName = "[No Variations]"
Add component (AddParameter): Name = "Manufacturer"; Value = "On Semiconductor"; VariantName = "[No Variations]"
Add component (AddParameter): Name = "Mounting Technology"; Value = "Surface Mount"; VariantName = "[No Variations]"
Add component (AddParameter): Name = "PackageDescription"; Value = "3-Pin Small Outline Transistor, Body 2.92 x 1.3 mm, Pitch 0.95 mm"; VariantName = "[No Variations]"
Add component (AddParameter): Name = "PackageReference"; Value = "SOT-23-3-318-08"; VariantName = "[No Variations]"
Add component (AddParameter): Name = "PackageVersion"; Value = "Rev. AP, 11/2009"; VariantName = "[No Variations]"
Add component (AddParameter): Name = "Packing"; Value = "Tape and Reel"; VariantName = "[No Variations]"
Add component (AddParameter): Name = "PartNumber"; Value = "MMBTA42LT1G"; VariantName = "[No Variations]"
Add component (AddParameter): Name = "Polarity"; Value = "NPN"; VariantName = "[No Variations]"
Add component (AddParameter): Name = "RoHS"; Value = "TRUE"; VariantName = "[No Variations]"
Added Component: Designator=R1(RES_C_1608X60)
Added Component: Designator=R2(RES_C_1608X60)
Added Component: Designator=R3(RES_C_1608X60)
Added Component: Designator=R4(RES_C_1608X60)
Added Component: Designator=R5(RES_C_1608X60)
Added Component: Designator=R6(RES_C_1608X60)
Added Component: Designator=R7(RES_C_1608X60)
Added Component: Designator=R8(RES_C_1608X60)
Added Component: Designator=R9(RES_C_1608X60)
Added Component: Designator=R10(RES_C_1608X60)
Added Component: Designator=R11(RES_C_1608X60)
Added Component: Designator=R12(RES_C_1608X60)
Added Component: Designator=R13(RES_C_1608X60)
Added Component: Designator=R14(RES_C_1608X60)
Added Component: Designator=R15(RES_C_1608X60)
Added Component: Designator=R16(RES_C_1608X60)
Added Component: Designator=R17(RES_C_1608X60)
Added Component: Designator=R18(RES_C_1608X60)
Added Component: Designator=R19(RES_C_1608X60)
Added Component: Designator=R20(RES_C_1608X60)
Added Component: Designator=R21(RES_C_1608X60)
Added Component: Designator=R22(RES_C_1608X60)
Added Component: Designator=R23(RES_C_1608X60)
Added Component: Designator=R24(RES_C_1608X60)
Added Component: Designator=R25(RES_C_1608X60)
Added Component: Designator=R26(RES_C_1608X60)
Added Component: Designator=R27(RES_C_1608X60)
Added Component: Designator=R28(RES_C_1608X60)
Added Component: Designator=R29(RES_C_1608X60)
Added Component: Designator=R30(RES_C_1608X60)
Added Component: Designator=R31(RES_C_1608X60)
Added Component: Designator=R32(RES_C_1608X60)
Added Component: Designator=R33(RES_C_1608X60)
Added Component: Designator=R34(RES_C_1608X60)
Added Component: Designator=R35(RES_C_1608X60)
Added Component: Designator=R36(RES_C_1608X60)
Added Component: Designator=R37(RES_C_1608X60)
Added Component: Designator=R38(RES_C_1608X60)
Added Component: Designator=R39(RES_C_1608X60)
Added Component: Designator=R40(RES_C_1608X60)
Added Component: Designator=R41(RES_C_1608X60)
Added Component: Designator=R42(RES_C_1608X60)
Added Component: Designator=R43(RES_C_1608X60)
Added Component: Designator=R44(RES_C_1608X60)
Added Component: Designator=R45(RES_C_1608X60)
Added Component: Designator=R46(RES_C_1608X60)
Added Component: Designator=R47(RES_C_1608X60)
Added Component: Designator=R48(RES_C_1608X60)
Added Component: Designator=R49(RES_C_1608X60)
Added Component: Designator=R50(RES_C_1608X60)
Added Component: Designator=R51(RES_C_1608X60)
Added Component: Designator=R52(RES_C_1608X60)
Added Component: Designator=R53(RES_C_1608X60)
Added Component: Designator=R54(RES_C_1608X60)
Added Component: Designator=R55(RES_C_1608X60)
Added Component: Designator=R56(RES_C_1608X60)
Added Component: Designator=R57(RES_C_1608X60)
Added Component: Designator=R58(RES_C_1608X60)
Added Component: Designator=R59(RES_C_1608X60)
Added Component: Designator=R60(RES_C_1608X60)
Added Component: Designator=R61(RES_C_1608X60)
Added Component: Designator=R62(RES_C_1608X60)
Added Component: Designator=R63(RES_C_1608X60)
Added Component: Designator=R64(RES_C_1608X60)
Added Component: Designator=R65(RES_C_1608X60)
Added Component: Designator=R66(RES_C_1608X60)
Added Component: Designator=R67(RES_C_1608X60)
Added Component: Designator=R68(RES_C_1608X60)
Added Component: Designator=R69(RES_C_1608X60)
Added Component: Designator=R70(RES_C_1608X60)
Added Component: Designator=R71(RES_C_1608X60)
Added Component: Designator=R72(RES_C_1608X60)
Added Component: Designator=R73(RES_C_1608X60)
Added Component: Designator=R74(RES_C_1608X60)
Added Component: Designator=R75(RES_C_1608X60)
Added Component: Designator=R76(RES_C_1608X60)
Added Component: Designator=R77(RES_C_1608X60)
Added Component: Designator=R78(RES_C_1608X60)
Added Component: Designator=R79(RES_C_1608X60)
Added Component: Designator=R80(RES_C_1608X60)
Added Component: Designator=R81(RES_C_1608X60)
Added Component: Designator=R82(RES_C_1608X60)
Added Component: Designator=R83(RES_C_1608X60)
Added Component: Designator=R84(RES_C_1608X60)
Added Component: Designator=R85(RES_C_1608X60)
Added Component: Designator=R86(RES_C_1608X60)
Added Component: Designator=R87(RES_C_1608X60)
Added Component: Designator=R88(RES_C_1608X60)
Added Component: Designator=R89(RES_C_1608X60)
Added Component: Designator=R90(RES_C_1608X60)
Added Component: Designator=R91(RES_C_1608X60)
Added Component: Designator=R92(RES_C_1608X60)
Added Component: Designator=R93(RES_C_1608X60)
Added Component: Designator=R94(RES_C_1608X60)
Added Component: Designator=R95(RES_C_1608X60)
Added Component: Designator=R96(RES_C_1608X60)
Added Component: Designator=R97(RES_C_1608X60)
Added Component: Designator=R98(RES_C_1608X60)
Added Component: Designator=R99(RES_C_1608X60)
Added Component: Designator=R100(RES_C_1608X60)
Added Component: Designator=R101(RES_C_1608X60)
Added Component: Designator=R102(RES_C_1608X60)
Added Component: Designator=R103(RES_C_1608X60)
Added Component: Designator=R104(RES_C_1608X60)
Added Component: Designator=R105(RES_C_1608X60)
Added Component: Designator=R106(RES_C_1608X60)
Added Component: Designator=R107(RES_C_1608X60)
Added Component: Designator=R108(RES_C_1608X60)
Added Component: Designator=R109(RES_C_1608X60)
Added Component: Designator=R110(RES_C_1608X60)
Added Component: Designator=R111(RES_C_1608X60)
Added Component: Designator=R112(RES_C_1608X60)
Added Component: Designator=R113(RES_C_1608X60)
Added Component: Designator=R114(RES_C_1608X60)
Added Component: Designator=R115(RES_C_1608X60)
Added Component: Designator=R116(RES_C_1608X60)
Added Component: Designator=R117(RES_C_1608X60)
Added Component: Designator=R118(RES_C_1608X60)
Added Component: Designator=R119(RES_C_1608X60)
Added Component: Designator=R120(RES_C_1608X60)
Added Component: Designator=R121(RES_C_1608X60)
Added Component: Designator=R122(RES_C_1608X60)
Added Component: Designator=R123(RES_C_1608X60)
Added Component: Designator=R124(RES_C_1608X60)
Added Component: Designator=R125(RES_C_1608X60)
Added Component: Designator=R126(RES_C_1608X60)
Added Component: Designator=R127(RES_C_1608X60)
Added Component: Designator=R128(RES_C_1608X60)
Added Component: Designator=R129(RES_C_1608X60)
Added Component: Designator=R130(RES_C_1608X60)
Added Component: Designator=R131(RES_C_1608X60)
Added Component: Designator=R132(RES_C_1608X60)
Added Component: Designator=R133(RES_C_1608X60)
Added Component: Designator=R134(RES_C_1608X60)
Added Component: Designator=R135(RES_C_1608X60)
Added Component: Designator=R136(RES_C_1608X60)
Added Component: Designator=R137(RES_C_1608X60)
Added Component: Designator=R138(RES_C_1608X60)
Added Component: Designator=R139(RES_C_1608X60)
Added Component: Designator=R140(RES_C_1608X60)
Added Component: Designator=R141(RES_C_1608X60)
Added Component: Designator=R142(RES_C_1608X60)
Added Component: Designator=R143(RES_C_1608X60)
Added Component: Designator=R144(RES_C_1608X60)
Added Component: Designator=R145(RES_C_1608X60)
Added Component: Designator=R146(RES_C_1608X60)
Added Component: Designator=R147(RES_C_1608X60)
Added Component: Designator=R148(RES_C_1608X60)
Added Component: Designator=R149(RES_C_1608X60)
Added Component: Designator=R150(RES_C_1608X60)
Added Component: Designator=R151(RES_C_1608X60)
Added Component: Designator=R152(RES_C_1608X60)
Added Component: Designator=R153(RES_C_1608X60)
Added Component: Designator=R154(RES_C_1608X60)
Added Component: Designator=R155(RES_C_1608X60)
Added Component: Designator=R156(RES_C_1608X60)
Added Component: Designator=R157(RES_C_1608X60)
Added Component: Designator=R158(RES_C_1608X60)
Added Component: Designator=R159(RES_C_1608X60)
Added Component: Designator=R160(RES_C_1608X60)
Added Component: Designator=R161(RES_C_1608X60)
Added Component: Designator=R162(RES_C_1608X60)
Added Component: Designator=R163(RES_C_1608X60)
Added Component: Designator=R164(RES_C_1608X60)
Added Component: Designator=R165(RES_C_1608X60)
Added Component: Designator=R166(RES_C_1608X60)
Added Component: Designator=R167(RES_C_1608X60)
Added Component: Designator=R168(RES_C_1608X60)
Added Component: Designator=R169(RES_C_1608X60)
Added Component: Designator=R170(RES_C_1608X60)
Added Component: Designator=R171(RES_C_1608X60)
Added Component: Designator=R172(RES_C_1608X60)
Added Component: Designator=R173(RES_C_1608X60)
Added Component: Designator=R174(RES_C_1608X60)
Added Component: Designator=R175(RES_C_1608X60)
Added Component: Designator=R176(RES_C_1608X60)
Added Component: Designator=R177(RES_C_1608X60)
Added Component: Designator=R178(RES_C_1608X60)
Added Component: Designator=R179(RES_C_1608X60)
Added Component: Designator=R180(RES_C_1608X60)
Added Component: Designator=R181(RES_C_1608X60)
Added Component: Designator=R182(RES_C_1608X60)
Added Component: Designator=R183(RES_C_1608X60)
Added Component: Designator=R184(RES_C_1608X60)
Added Component: Designator=R185(RES_C_1608X60)
Added Component: Designator=R186(RES_C_1608X60)
Added Component: Designator=R187(RES_C_1608X60)
Added Component: Designator=R188(RES_C_1608X60)
Added Component: Designator=R189(RES_C_1608X60)
Added Component: Designator=R190(RES_C_1608X60)
Added Component: Designator=R191(RES_C_1608X60)
Added Component: Designator=R192(RES_C_1608X60)
Added Component: Designator=R193(RES_C_1608X60)
Added Component: Designator=R194(RES_C_1608X60)
Added Component: Designator=R195(RES_C_1608X60)
Added Component: Designator=R196(RES_C_1608X60)
Added Component: Designator=R197(RES_C_1608X60)
Added Component: Designator=R198(RES_C_1608X60)
Added Component: Designator=R199(RES_C_1608X60)
Added Component: Designator=R200(RES_C_1608X60)
Added Component: Designator=R201(RES_C_1608X60)
Added Component: Designator=R202(RES_C_1608X60)
Added Component: Designator=R203(RES_C_1608X60)
Added Component: Designator=R204(RES_C_1608X60)
Added Component: Designator=R205(RES_C_1608X60)
Added Component: Designator=R206(RES_C_1608X60)
Added Component: Designator=R207(RES_C_1608X60)
Added Component: Designator=R208(RES_C_1608X60)
Added Component: Designator=R209(RES_C_1608X60)
Added Component: Designator=R210(RES_C_1608X60)
Added Component: Designator=R211(RES_C_1608X60)
Added Component: Designator=R212(RES_C_1608X60)
Add component: Footprint Not Found Jump2
Add component: Footprint Not Found Jump2
Add component: Footprint Not Found Jump2
Add component: Footprint Not Found Jump2
Add component: Footprint Not Found Jump2
Add component: Footprint Not Found Jump2
Add component: Footprint Not Found Jump2
Add component: Footprint Not Found Jump2
Add component: Footprint Not Found Jump2
Add component: Footprint Not Found Jump2
Add component: Footprint Not Found Jump2
Add component: Footprint Not Found Jump2
Add component: Footprint Not Found Jump2
Add component: Footprint Not Found Jump2
Add component: Footprint Not Found Jump2
Add component: Footprint Not Found Jump2
Add component: Footprint Not Found Jump2
Add component: Footprint Not Found Jump2
Add component: Footprint Not Found Jump2
Add component: Footprint Not Found Jump2
Added Component: Designator=TP1(TESTPOINT)
Add component (AddParameter): Name = "Alternate_EMS"; Value = ""; VariantName = "[No Variations]"
Add component (AddParameter): Name = "BMS_Part_Number"; Value = ""; VariantName = "[No Variations]"
Add component (AddParameter): Name = "Component_Country_Of_Origin"; Value = "Unknown"; VariantName = "[No Variations]"
Add component (AddParameter): Name = "ComponentLink1URL"; Value = "http://tunmcdsvn.tun.st.com/Component_Documentation_Library/Trunk"; VariantName = "[No Variations]"
Add component (AddParameter): Name = "ECCN_EU"; Value = "n/a"; VariantName = "[No Variations]"
Add component (AddParameter): Name = "ECCN_US"; Value = "n/a"; VariantName = "[No Variations]"
Add component (AddParameter): Name = "Full_Alternate_Internal_Part_Number"; Value = ""; VariantName = "[No Variations]"
Add component (AddParameter): Name = "ID"; Value = "3115"; VariantName = "[No Variations]"
Add component (AddParameter): Name = "Initial_Board_Reference"; Value = "MB1264"; VariantName = "[No Variations]"
Add component (AddParameter): Name = "Internal_Part_Number"; Value = "MCD-00630"; VariantName = "[No Variations]"
Add component (AddParameter): Name = "Manufacturer"; Value = "N/A"; VariantName = "[No Variations]"
Add component (AddParameter): Name = "Manufacturer_HQ_COO"; Value = "Unknown"; VariantName = "[No Variations]"
Add component (AddParameter): Name = "Manufacturer_Part_Number"; Value = "N/A"; VariantName = "[No Variations]"
Add component (AddParameter): Name = "Order_Code_Digikey"; Value = "N/A"; VariantName = "[No Variations]"
Add component (AddParameter): Name = "Order_Code_Farnell"; Value = "N/A"; VariantName = "[No Variations]"
Add component (AddParameter): Name = "Order_Code_RS"; Value = "N/A"; VariantName = "[No Variations]"
Add component (AddParameter): Name = "Package"; Value = ""; VariantName = "[No Variations]"
Add component (AddParameter): Name = "Part_Preference"; Value = "Recommended"; VariantName = "[No Variations]"
Add component (AddParameter): Name = "Part_Type"; Value = "Misc"; VariantName = "[No Variations]"
Add component (AddParameter): Name = "Partial_Alternate_Internal_Part_Number"; Value = ""; VariantName = "[No Variations]"
Add component (AddParameter): Name = "Provided_By"; Value = "n/a"; VariantName = "[No Variations]"
Add component (AddParameter): Name = "ShowFields"; Value = "YES"; VariantName = "[No Variations]"
Add component (AddParameter): Name = "Status"; Value = "Released"; VariantName = "[No Variations]"
Add component (AddParameter): Name = "Value"; Value = "N/A"; VariantName = "[No Variations]"
Added Component: Designator=TP2(TESTPOINT)
Add component (AddParameter): Name = "Alternate_EMS"; Value = ""; VariantName = "[No Variations]"
Add component (AddParameter): Name = "BMS_Part_Number"; Value = ""; VariantName = "[No Variations]"
Add component (AddParameter): Name = "Component_Country_Of_Origin"; Value = "Unknown"; VariantName = "[No Variations]"
Add component (AddParameter): Name = "ComponentLink1URL"; Value = "http://tunmcdsvn.tun.st.com/Component_Documentation_Library/Trunk"; VariantName = "[No Variations]"
Add component (AddParameter): Name = "ECCN_EU"; Value = "n/a"; VariantName = "[No Variations]"
Add component (AddParameter): Name = "ECCN_US"; Value = "n/a"; VariantName = "[No Variations]"
Add component (AddParameter): Name = "Full_Alternate_Internal_Part_Number"; Value = ""; VariantName = "[No Variations]"
Add component (AddParameter): Name = "ID"; Value = "3115"; VariantName = "[No Variations]"
Add component (AddParameter): Name = "Initial_Board_Reference"; Value = "MB1264"; VariantName = "[No Variations]"
Add component (AddParameter): Name = "Internal_Part_Number"; Value = "MCD-00630"; VariantName = "[No Variations]"
Add component (AddParameter): Name = "Manufacturer"; Value = "N/A"; VariantName = "[No Variations]"
Add component (AddParameter): Name = "Manufacturer_HQ_COO"; Value = "Unknown"; VariantName = "[No Variations]"
Add component (AddParameter): Name = "Manufacturer_Part_Number"; Value = "N/A"; VariantName = "[No Variations]"
Add component (AddParameter): Name = "Order_Code_Digikey"; Value = "N/A"; VariantName = "[No Variations]"
Add component (AddParameter): Name = "Order_Code_Farnell"; Value = "N/A"; VariantName = "[No Variations]"
Add component (AddParameter): Name = "Order_Code_RS"; Value = "N/A"; VariantName = "[No Variations]"
Add component (AddParameter): Name = "Package"; Value = ""; VariantName = "[No Variations]"
Add component (AddParameter): Name = "Part_Preference"; Value = "Recommended"; VariantName = "[No Variations]"
Add component (AddParameter): Name = "Part_Type"; Value = "Misc"; VariantName = "[No Variations]"
Add component (AddParameter): Name = "Partial_Alternate_Internal_Part_Number"; Value = ""; VariantName = "[No Variations]"
Add component (AddParameter): Name = "Provided_By"; Value = "n/a"; VariantName = "[No Variations]"
Add component (AddParameter): Name = "ShowFields"; Value = "YES"; VariantName = "[No Variations]"
Add component (AddParameter): Name = "Status"; Value = "Released"; VariantName = "[No Variations]"
Add component (AddParameter): Name = "Value"; Value = "N/A"; VariantName = "[No Variations]"
Added Component: Designator=TP3(TESTPOINT)
Add component (AddParameter): Name = "Alternate_EMS"; Value = ""; VariantName = "[No Variations]"
Add component (AddParameter): Name = "BMS_Part_Number"; Value = ""; VariantName = "[No Variations]"
Add component (AddParameter): Name = "Component_Country_Of_Origin"; Value = "Unknown"; VariantName = "[No Variations]"
Add component (AddParameter): Name = "ComponentLink1URL"; Value = "http://tunmcdsvn.tun.st.com/Component_Documentation_Library/Trunk"; VariantName = "[No Variations]"
Add component (AddParameter): Name = "ECCN_EU"; Value = "n/a"; VariantName = "[No Variations]"
Add component (AddParameter): Name = "ECCN_US"; Value = "n/a"; VariantName = "[No Variations]"
Add component (AddParameter): Name = "Full_Alternate_Internal_Part_Number"; Value = ""; VariantName = "[No Variations]"
Add component (AddParameter): Name = "ID"; Value = "3115"; VariantName = "[No Variations]"
Add component (AddParameter): Name = "Initial_Board_Reference"; Value = "MB1264"; VariantName = "[No Variations]"
Add component (AddParameter): Name = "Internal_Part_Number"; Value = "MCD-00630"; VariantName = "[No Variations]"
Add component (AddParameter): Name = "Manufacturer"; Value = "N/A"; VariantName = "[No Variations]"
Add component (AddParameter): Name = "Manufacturer_HQ_COO"; Value = "Unknown"; VariantName = "[No Variations]"
Add component (AddParameter): Name = "Manufacturer_Part_Number"; Value = "N/A"; VariantName = "[No Variations]"
Add component (AddParameter): Name = "Order_Code_Digikey"; Value = "N/A"; VariantName = "[No Variations]"
Add component (AddParameter): Name = "Order_Code_Farnell"; Value = "N/A"; VariantName = "[No Variations]"
Add component (AddParameter): Name = "Order_Code_RS"; Value = "N/A"; VariantName = "[No Variations]"
Add component (AddParameter): Name = "Package"; Value = ""; VariantName = "[No Variations]"
Add component (AddParameter): Name = "Part_Preference"; Value = "Recommended"; VariantName = "[No Variations]"
Add component (AddParameter): Name = "Part_Type"; Value = "Misc"; VariantName = "[No Variations]"
Add component (AddParameter): Name = "Partial_Alternate_Internal_Part_Number"; Value = ""; VariantName = "[No Variations]"
Add component (AddParameter): Name = "Provided_By"; Value = "n/a"; VariantName = "[No Variations]"
Add component (AddParameter): Name = "ShowFields"; Value = "YES"; VariantName = "[No Variations]"
Add component (AddParameter): Name = "Status"; Value = "Released"; VariantName = "[No Variations]"
Add component (AddParameter): Name = "Value"; Value = "N/A"; VariantName = "[No Variations]"
Added Component: Designator=TP4(TESTPOINT)
Add component (AddParameter): Name = "Alternate_EMS"; Value = ""; VariantName = "[No Variations]"
Add component (AddParameter): Name = "BMS_Part_Number"; Value = ""; VariantName = "[No Variations]"
Add component (AddParameter): Name = "Component_Country_Of_Origin"; Value = "Unknown"; VariantName = "[No Variations]"
Add component (AddParameter): Name = "ComponentLink1URL"; Value = "http://tunmcdsvn.tun.st.com/Component_Documentation_Library/Trunk"; VariantName = "[No Variations]"
Add component (AddParameter): Name = "ECCN_EU"; Value = "n/a"; VariantName = "[No Variations]"
Add component (AddParameter): Name = "ECCN_US"; Value = "n/a"; VariantName = "[No Variations]"
Add component (AddParameter): Name = "Full_Alternate_Internal_Part_Number"; Value = ""; VariantName = "[No Variations]"
Add component (AddParameter): Name = "ID"; Value = "3115"; VariantName = "[No Variations]"
Add component (AddParameter): Name = "Initial_Board_Reference"; Value = "MB1264"; VariantName = "[No Variations]"
Add component (AddParameter): Name = "Internal_Part_Number"; Value = "MCD-00630"; VariantName = "[No Variations]"
Add component (AddParameter): Name = "Manufacturer"; Value = "N/A"; VariantName = "[No Variations]"
Add component (AddParameter): Name = "Manufacturer_HQ_COO"; Value = "Unknown"; VariantName = "[No Variations]"
Add component (AddParameter): Name = "Manufacturer_Part_Number"; Value = "N/A"; VariantName = "[No Variations]"
Add component (AddParameter): Name = "Order_Code_Digikey"; Value = "N/A"; VariantName = "[No Variations]"
Add component (AddParameter): Name = "Order_Code_Farnell"; Value = "N/A"; VariantName = "[No Variations]"
Add component (AddParameter): Name = "Order_Code_RS"; Value = "N/A"; VariantName = "[No Variations]"
Add component (AddParameter): Name = "Package"; Value = ""; VariantName = "[No Variations]"
Add component (AddParameter): Name = "Part_Preference"; Value = "Recommended"; VariantName = "[No Variations]"
Add component (AddParameter): Name = "Part_Type"; Value = "Misc"; VariantName = "[No Variations]"
Add component (AddParameter): Name = "Partial_Alternate_Internal_Part_Number"; Value = ""; VariantName = "[No Variations]"
Add component (AddParameter): Name = "Provided_By"; Value = "n/a"; VariantName = "[No Variations]"
Add component (AddParameter): Name = "ShowFields"; Value = "YES"; VariantName = "[No Variations]"
Add component (AddParameter): Name = "Status"; Value = "Released"; VariantName = "[No Variations]"
Add component (AddParameter): Name = "Value"; Value = "N/A"; VariantName = "[No Variations]"
Added Component: Designator=TP5(TESTPOINT)
Add component (AddParameter): Name = "Alternate_EMS"; Value = ""; VariantName = "[No Variations]"
Add component (AddParameter): Name = "BMS_Part_Number"; Value = ""; VariantName = "[No Variations]"
Add component (AddParameter): Name = "Component_Country_Of_Origin"; Value = "Unknown"; VariantName = "[No Variations]"
Add component (AddParameter): Name = "ComponentLink1URL"; Value = "http://tunmcdsvn.tun.st.com/Component_Documentation_Library/Trunk"; VariantName = "[No Variations]"
Add component (AddParameter): Name = "ECCN_EU"; Value = "n/a"; VariantName = "[No Variations]"
Add component (AddParameter): Name = "ECCN_US"; Value = "n/a"; VariantName = "[No Variations]"
Add component (AddParameter): Name = "Full_Alternate_Internal_Part_Number"; Value = ""; VariantName = "[No Variations]"
Add component (AddParameter): Name = "ID"; Value = "3115"; VariantName = "[No Variations]"
Add component (AddParameter): Name = "Initial_Board_Reference"; Value = "MB1264"; VariantName = "[No Variations]"
Add component (AddParameter): Name = "Internal_Part_Number"; Value = "MCD-00630"; VariantName = "[No Variations]"
Add component (AddParameter): Name = "Manufacturer"; Value = "N/A"; VariantName = "[No Variations]"
Add component (AddParameter): Name = "Manufacturer_HQ_COO"; Value = "Unknown"; VariantName = "[No Variations]"
Add component (AddParameter): Name = "Manufacturer_Part_Number"; Value = "N/A"; VariantName = "[No Variations]"
Add component (AddParameter): Name = "Order_Code_Digikey"; Value = "N/A"; VariantName = "[No Variations]"
Add component (AddParameter): Name = "Order_Code_Farnell"; Value = "N/A"; VariantName = "[No Variations]"
Add component (AddParameter): Name = "Order_Code_RS"; Value = "N/A"; VariantName = "[No Variations]"
Add component (AddParameter): Name = "Package"; Value = ""; VariantName = "[No Variations]"
Add component (AddParameter): Name = "Part_Preference"; Value = "Recommended"; VariantName = "[No Variations]"
Add component (AddParameter): Name = "Part_Type"; Value = "Misc"; VariantName = "[No Variations]"
Add component (AddParameter): Name = "Partial_Alternate_Internal_Part_Number"; Value = ""; VariantName = "[No Variations]"
Add component (AddParameter): Name = "Provided_By"; Value = "n/a"; VariantName = "[No Variations]"
Add component (AddParameter): Name = "ShowFields"; Value = "YES"; VariantName = "[No Variations]"
Add component (AddParameter): Name = "Status"; Value = "Released"; VariantName = "[No Variations]"
Add component (AddParameter): Name = "Value"; Value = "N/A"; VariantName = "[No Variations]"
Added Component: Designator=TVS1(FLIPCHIP4_USBUL_STM)
Add component (AddParameter): Name = "Copyright"; Value = "Copyright (C) 2025 Ultra Librarian. All rights reserved."; VariantName = "[No Variations]"
Add component (AddParameter): Name = "Manufacturer_Name"; Value = "STMicroelectronics"; VariantName = "[No Variations]"
Add component (AddParameter): Name = "Manufacturer_Part_Number"; Value = "USBULC6-2F3"; VariantName = "[No Variations]"
Add component (AddParameter): Name = "RefDes"; Value = "RefDes"; VariantName = "[No Variations]"
Add component (AddParameter): Name = "Type"; Value = "Type"; VariantName = "[No Variations]"
Added Component: Designator=U1(BGA153N50P14X14_1300X1150X80N)
Add component (AddParameter): Name = "Alternate_EMS"; Value = ""; VariantName = "[No Variations]"
Add component (AddParameter): Name = "BMS_Part_Number"; Value = ""; VariantName = "[No Variations]"
Add component (AddParameter): Name = "Component_Country_Of_Origin"; Value = "Unknown"; VariantName = "[No Variations]"
Add component (AddParameter): Name = "ComponentLink1URL"; Value = "http://tunmcdsvn.tun.st.com/Component_Documentation_Library/Trunk/IC/KIOXIA_THGBMTG5D1LBAIL"; VariantName = "[No Variations]"
Add component (AddParameter): Name = "Full_Alternate_Internal_Part_Number"; Value = ""; VariantName = "[No Variations]"
Add component (AddParameter): Name = "ID"; Value = "4911"; VariantName = "[No Variations]"
Add component (AddParameter): Name = "Internal_Part_Number"; Value = "MCD-02799"; VariantName = "[No Variations]"
Add component (AddParameter): Name = "Manufacturer"; Value = "KIOXIA"; VariantName = "[No Variations]"
Add component (AddParameter): Name = "Manufacturer_HQ_COO"; Value = ""; VariantName = "[No Variations]"
Add component (AddParameter): Name = "Manufacturer_Part_Number"; Value = "THGBMTG5D1LBAIL"; VariantName = "[No Variations]"
Add component (AddParameter): Name = "Order_Code_Digikey"; Value = "N/A"; VariantName = "[No Variations]"
Add component (AddParameter): Name = "Order_Code_Farnell"; Value = "N/A"; VariantName = "[No Variations]"
Add component (AddParameter): Name = "Order_Code_RS"; Value = "N/A"; VariantName = "[No Variations]"
Add component (AddParameter): Name = "Package"; Value = "WFBGA153"; VariantName = "[No Variations]"
Add component (AddParameter): Name = "Part_Preference"; Value = "Not recommended"; VariantName = "[No Variations]"
Add component (AddParameter): Name = "Part_Type"; Value = "IC"; VariantName = "[No Variations]"
Add component (AddParameter): Name = "Partial_Alternate_Internal_Part_Number"; Value = ""; VariantName = "[No Variations]"
Add component (AddParameter): Name = "Revision"; Value = ""; VariantName = "[No Variations]"
Add component (AddParameter): Name = "ShowFields"; Value = "YES"; VariantName = "[No Variations]"
Add component (AddParameter): Name = "Status"; Value = "Released"; VariantName = "[No Variations]"
Add component (AddParameter): Name = "Value"; Value = "THGBMTG5D1LBAIL"; VariantName = "[No Variations]"
Added Component: Designator=U2(SOP2-16_7P5X10P3_MRN)
Add component (AddParameter): Name = "Alternate_EMS"; Value = ""; VariantName = "[No Variations]"
Add component (AddParameter): Name = "BMS_Part_Number"; Value = "9171976"; VariantName = "[No Variations]"
Add component (AddParameter): Name = "Component_Country_Of_Origin"; Value = "USA"; VariantName = "[No Variations]"
Add component (AddParameter): Name = "ComponentLink1Description"; Value = "Micron_NOR Flash_MT25QL512ABA8ESF-0SIT.pdf"; VariantName = "[No Variations]"
Add component (AddParameter): Name = "ComponentLink1URL"; Value = "http://tunmcdsvn.tun.st.com/Component_Documentation_Library/Trunk/IC/MICRON_MT25QL512ABB8ESF-0SIT"; VariantName = "[No Variations]"
Add component (AddParameter): Name = "ECCN_EU"; Value = "NEC"; VariantName = "[No Variations]"
Add component (AddParameter): Name = "ECCN_US"; Value = "3A991.B.1.A"; VariantName = "[No Variations]"
Add component (AddParameter): Name = "Full_Alternate_Internal_Part_Number"; Value = ""; VariantName = "[No Variations]"
Add component (AddParameter): Name = "ID"; Value = "3369"; VariantName = "[No Variations]"
Add component (AddParameter): Name = "Initial_Board_Reference"; Value = "MB1381"; VariantName = "[No Variations]"
Add component (AddParameter): Name = "Internal_Part_Number"; Value = "MCD-01128"; VariantName = "[No Variations]"
Add component (AddParameter): Name = "Manufacturer"; Value = "MICRON"; VariantName = "[No Variations]"
Add component (AddParameter): Name = "Manufacturer_HQ_COO"; Value = ""; VariantName = "[No Variations]"
Add component (AddParameter): Name = "Manufacturer_Part_Number"; Value = "MT25QL512ABB8ESF-0SIT"; VariantName = "[No Variations]"
Add component (AddParameter): Name = "Order_Code_Digikey"; Value = "557-1651-ND"; VariantName = "[No Variations]"
Add component (AddParameter): Name = "Order_Code_Farnell"; Value = "3549548"; VariantName = "[No Variations]"
Add component (AddParameter): Name = "Order_Code_RS"; Value = "N/A"; VariantName = "[No Variations]"
Add component (AddParameter): Name = "Package"; Value = "SOIC-16"; VariantName = "[No Variations]"
Add component (AddParameter): Name = "Part_Preference"; Value = "Recommended"; VariantName = "[No Variations]"
Add component (AddParameter): Name = "Part_Type"; Value = "IC"; VariantName = "[No Variations]"
Add component (AddParameter): Name = "Partial_Alternate_Internal_Part_Number"; Value = ""; VariantName = "[No Variations]"
Add component (AddParameter): Name = "Provided_By"; Value = "Subcon"; VariantName = "[No Variations]"
Add component (AddParameter): Name = "ShowFields"; Value = "YES"; VariantName = "[No Variations]"
Add component (AddParameter): Name = "Status"; Value = "Released"; VariantName = "[No Variations]"
Add component (AddParameter): Name = "Value"; Value = "MT25QL512ABB8ESF-0SIT"; VariantName = "[No Variations]"
Added Component: Designator=U3(SOP2-16_7P5X10P3_MRN)
Add component (AddParameter): Name = "Alternate_EMS"; Value = ""; VariantName = "[No Variations]"
Add component (AddParameter): Name = "BMS_Part_Number"; Value = "9171976"; VariantName = "[No Variations]"
Add component (AddParameter): Name = "Component_Country_Of_Origin"; Value = "USA"; VariantName = "[No Variations]"
Add component (AddParameter): Name = "ComponentLink1Description"; Value = "Micron_NOR Flash_MT25QL512ABA8ESF-0SIT.pdf"; VariantName = "[No Variations]"
Add component (AddParameter): Name = "ComponentLink1URL"; Value = "http://tunmcdsvn.tun.st.com/Component_Documentation_Library/Trunk/IC/MICRON_MT25QL512ABB8ESF-0SIT"; VariantName = "[No Variations]"
Add component (AddParameter): Name = "ECCN_EU"; Value = "NEC"; VariantName = "[No Variations]"
Add component (AddParameter): Name = "ECCN_US"; Value = "3A991.B.1.A"; VariantName = "[No Variations]"
Add component (AddParameter): Name = "Full_Alternate_Internal_Part_Number"; Value = ""; VariantName = "[No Variations]"
Add component (AddParameter): Name = "ID"; Value = "3369"; VariantName = "[No Variations]"
Add component (AddParameter): Name = "Initial_Board_Reference"; Value = "MB1381"; VariantName = "[No Variations]"
Add component (AddParameter): Name = "Internal_Part_Number"; Value = "MCD-01128"; VariantName = "[No Variations]"
Add component (AddParameter): Name = "Manufacturer"; Value = "MICRON"; VariantName = "[No Variations]"
Add component (AddParameter): Name = "Manufacturer_HQ_COO"; Value = ""; VariantName = "[No Variations]"
Add component (AddParameter): Name = "Manufacturer_Part_Number"; Value = "MT25QL512ABB8ESF-0SIT"; VariantName = "[No Variations]"
Add component (AddParameter): Name = "Order_Code_Digikey"; Value = "557-1651-ND"; VariantName = "[No Variations]"
Add component (AddParameter): Name = "Order_Code_Farnell"; Value = "3549548"; VariantName = "[No Variations]"
Add component (AddParameter): Name = "Order_Code_RS"; Value = "N/A"; VariantName = "[No Variations]"
Add component (AddParameter): Name = "Package"; Value = "SOIC-16"; VariantName = "[No Variations]"
Add component (AddParameter): Name = "Part_Preference"; Value = "Recommended"; VariantName = "[No Variations]"
Add component (AddParameter): Name = "Part_Type"; Value = "IC"; VariantName = "[No Variations]"
Add component (AddParameter): Name = "Partial_Alternate_Internal_Part_Number"; Value = ""; VariantName = "[No Variations]"
Add component (AddParameter): Name = "Provided_By"; Value = "Subcon"; VariantName = "[No Variations]"
Add component (AddParameter): Name = "ShowFields"; Value = "YES"; VariantName = "[No Variations]"
Add component (AddParameter): Name = "Status"; Value = "Released"; VariantName = "[No Variations]"
Add component (AddParameter): Name = "Value"; Value = "MT25QL512ABB8ESF-0SIT"; VariantName = "[No Variations]"
Added Component: Designator=U4(TFBGA-90_8X13_ISI)
Add component (AddParameter): Name = "Alternate_EMS"; Value = ""; VariantName = "[No Variations]"
Add component (AddParameter): Name = "BMS_Part_Number"; Value = ""; VariantName = "[No Variations]"
Add component (AddParameter): Name = "Component_Country_Of_Origin"; Value = "Unknown"; VariantName = "[No Variations]"
Add component (AddParameter): Name = "ComponentLink1URL"; Value = "http://tunmcdsvn.tun.st.com/Component_Documentation_Library/Trunk/IC/ISSI_IS42S32400J-6BL\"; VariantName = "[No Variations]"
Add component (AddParameter): Name = "Full_Alternate_Internal_Part_Number"; Value = ""; VariantName = "[No Variations]"
Add component (AddParameter): Name = "ID"; Value = "6341"; VariantName = "[No Variations]"
Add component (AddParameter): Name = "Internal_Part_Number"; Value = "MCD-04225"; VariantName = "[No Variations]"
Add component (AddParameter): Name = "Manufacturer"; Value = "ISSI"; VariantName = "[No Variations]"
Add component (AddParameter): Name = "Manufacturer_HQ_COO"; Value = ""; VariantName = "[No Variations]"
Add component (AddParameter): Name = "Manufacturer_Part_Number"; Value = "IS42S32400J-6BL"; VariantName = "[No Variations]"
Add component (AddParameter): Name = "Order_Code_Digikey"; Value = "706-IS42S32400J-6BL-ND"; VariantName = "[No Variations]"
Add component (AddParameter): Name = "Order_Code_Farnell"; Value = "N/A"; VariantName = "[No Variations]"
Add component (AddParameter): Name = "Order_Code_RS"; Value = "N/A"; VariantName = "[No Variations]"
Add component (AddParameter): Name = "Package"; Value = "TFBGA-90"; VariantName = "[No Variations]"
Add component (AddParameter): Name = "Part_Preference"; Value = "Recommended"; VariantName = "[No Variations]"
Add component (AddParameter): Name = "Part_Type"; Value = "IC"; VariantName = "[No Variations]"
Add component (AddParameter): Name = "Partial_Alternate_Internal_Part_Number"; Value = ""; VariantName = "[No Variations]"
Add component (AddParameter): Name = "ShowFields"; Value = "YES"; VariantName = "[No Variations]"
Add component (AddParameter): Name = "Status"; Value = "Checked"; VariantName = "[No Variations]"
Add component (AddParameter): Name = "Value"; Value = "IS42S32400J-6BL"; VariantName = "[No Variations]"
Added Component: Designator=U5(TFBGA240+25)
Add component (AddParameter): Name = "Alternate_EMS"; Value = ""; VariantName = "[No Variations]"
Add component (AddParameter): Name = "BMS_Part_Number"; Value = "9175307"; VariantName = "[No Variations]"
Add component (AddParameter): Name = "Component_Country_Of_Origin"; Value = "Philippines"; VariantName = "[No Variations]"
Add component (AddParameter): Name = "ComponentLink1Description"; Value = "Datasheet"; VariantName = "[No Variations]"
Add component (AddParameter): Name = "ComponentLink1URL"; Value = "http://tunmcdsvn.tun.st.com/Component_Documentation_Library/Trunk/IC/STMICROELECTRONICS_STM32H745x"; VariantName = "[No Variations]"
Add component (AddParameter): Name = "Full_Alternate_Internal_Part_Number"; Value = ""; VariantName = "[No Variations]"
Add component (AddParameter): Name = "ID"; Value = "3408"; VariantName = "[No Variations]"
Add component (AddParameter): Name = "Initial_Board_Reference"; Value = "MB1381"; VariantName = "[No Variations]"
Add component (AddParameter): Name = "Internal_Part_Number"; Value = "MCD-01085"; VariantName = "[No Variations]"
Add component (AddParameter): Name = "Manufacturer"; Value = "STMICROELECTRONICS"; VariantName = "[No Variations]"
Add component (AddParameter): Name = "Manufacturer_HQ_COO"; Value = "EU"; VariantName = "[No Variations]"
Add component (AddParameter): Name = "Manufacturer_Part_Number"; Value = "STM32H745XIH6"; VariantName = "[No Variations]"
Add component (AddParameter): Name = "Order_Code_Digikey"; Value = "497-19502-ND"; VariantName = "[No Variations]"
Add component (AddParameter): Name = "Order_Code_Farnell"; Value = "3365366"; VariantName = "[No Variations]"
Add component (AddParameter): Name = "Order_Code_RS"; Value = "N/A"; VariantName = "[No Variations]"
Add component (AddParameter): Name = "Package"; Value = "TFBGA-265"; VariantName = "[No Variations]"
Add component (AddParameter): Name = "Part_Preference"; Value = "Recommended"; VariantName = "[No Variations]"
Add component (AddParameter): Name = "Part_Type"; Value = "IC"; VariantName = "[No Variations]"
Add component (AddParameter): Name = "Partial_Alternate_Internal_Part_Number"; Value = ""; VariantName = "[No Variations]"
Add component (AddParameter): Name = "Provided_By"; Value = "STM"; VariantName = "[No Variations]"
Add component (AddParameter): Name = "ShowFields"; Value = "YES"; VariantName = "[No Variations]"
Add component (AddParameter): Name = "Status"; Value = "Checked"; VariantName = "[No Variations]"
Add component (AddParameter): Name = "Value"; Value = "STM32H745XIH6"; VariantName = "[No Variations]"
Added Component: Designator=U6(TVS_ESDA7P60-1U1M)
Add component (AddParameter): Name = "Alternate_EMS"; Value = ""; VariantName = "[No Variations]"
Add component (AddParameter): Name = "BMS_Part_Number"; Value = "9179042"; VariantName = "[No Variations]"
Add component (AddParameter): Name = "Component_Country_Of_Origin"; Value = "China"; VariantName = "[No Variations]"
Add component (AddParameter): Name = "ComponentLink1Description"; Value = "STM_ESD_ESDA7P60-1U1M.pdf"; VariantName = "[No Variations]"
Add component (AddParameter): Name = "ComponentLink1URL"; Value = "http://tunmcdsvn.tun.st.com/Component_Documentation_Library/Trunk/Diode/STMICROELECTRONICS_ESDA7P60-1U1M"; VariantName = "[No Variations]"
Add component (AddParameter): Name = "ECCN_EU"; Value = "NEC"; VariantName = "[No Variations]"
Add component (AddParameter): Name = "ECCN_US"; Value = "EAR99"; VariantName = "[No Variations]"
Add component (AddParameter): Name = "Full_Alternate_Internal_Part_Number"; Value = ""; VariantName = "[No Variations]"
Add component (AddParameter): Name = "ID"; Value = "2618"; VariantName = "[No Variations]"
Add component (AddParameter): Name = "Initial_Board_Reference"; Value = "MB1311"; VariantName = "[No Variations]"
Add component (AddParameter): Name = "Internal_Part_Number"; Value = "MCD-00251"; VariantName = "[No Variations]"
Add component (AddParameter): Name = "Manufacturer"; Value = "STMICROELECTRONICS"; VariantName = "[No Variations]"
Add component (AddParameter): Name = "Manufacturer_HQ_COO"; Value = "EU"; VariantName = "[No Variations]"
Add component (AddParameter): Name = "Manufacturer_Part_Number"; Value = "ESDA7P60-1U1M"; VariantName = "[No Variations]"
Add component (AddParameter): Name = "Order_Code_Digikey"; Value = "497-16253-2-ND"; VariantName = "[No Variations]"
Add component (AddParameter): Name = "Order_Code_Farnell"; Value = "N/A"; VariantName = "[No Variations]"
Add component (AddParameter): Name = "Order_Code_RS"; Value = "110-6381"; VariantName = "[No Variations]"
Add component (AddParameter): Name = "Package"; Value = "QFN1610"; VariantName = "[No Variations]"
Add component (AddParameter): Name = "Part_Preference"; Value = "Recommended"; VariantName = "[No Variations]"
Add component (AddParameter): Name = "Part_Type"; Value = "Diode"; VariantName = "[No Variations]"
Add component (AddParameter): Name = "Partial_Alternate_Internal_Part_Number"; Value = ""; VariantName = "[No Variations]"
Add component (AddParameter): Name = "Provided_By"; Value = "Subcon"; VariantName = "[No Variations]"
Add component (AddParameter): Name = "Revision"; Value = ""; VariantName = "[No Variations]"
Add component (AddParameter): Name = "ShowFields"; Value = "YES"; VariantName = "[No Variations]"
Add component (AddParameter): Name = "Status"; Value = "Released"; VariantName = "[No Variations]"
Add component (AddParameter): Name = "Value"; Value = "ESDA7P60-1U1M"; VariantName = "[No Variations]"
Added Component: Designator=U7(TVS_ESDA7P60-1U1M)
Add component (AddParameter): Name = "Alternate_EMS"; Value = ""; VariantName = "[No Variations]"
Add component (AddParameter): Name = "BMS_Part_Number"; Value = "9179042"; VariantName = "[No Variations]"
Add component (AddParameter): Name = "Component_Country_Of_Origin"; Value = "China"; VariantName = "[No Variations]"
Add component (AddParameter): Name = "ComponentLink1Description"; Value = "STM_ESD_ESDA7P60-1U1M.pdf"; VariantName = "[No Variations]"
Add component (AddParameter): Name = "ComponentLink1URL"; Value = "http://tunmcdsvn.tun.st.com/Component_Documentation_Library/Trunk/Diode/STMICROELECTRONICS_ESDA7P60-1U1M"; VariantName = "[No Variations]"
Add component (AddParameter): Name = "ECCN_EU"; Value = "NEC"; VariantName = "[No Variations]"
Add component (AddParameter): Name = "ECCN_US"; Value = "EAR99"; VariantName = "[No Variations]"
Add component (AddParameter): Name = "Full_Alternate_Internal_Part_Number"; Value = ""; VariantName = "[No Variations]"
Add component (AddParameter): Name = "ID"; Value = "2618"; VariantName = "[No Variations]"
Add component (AddParameter): Name = "Initial_Board_Reference"; Value = "MB1311"; VariantName = "[No Variations]"
Add component (AddParameter): Name = "Internal_Part_Number"; Value = "MCD-00251"; VariantName = "[No Variations]"
Add component (AddParameter): Name = "Manufacturer"; Value = "STMICROELECTRONICS"; VariantName = "[No Variations]"
Add component (AddParameter): Name = "Manufacturer_HQ_COO"; Value = "EU"; VariantName = "[No Variations]"
Add component (AddParameter): Name = "Manufacturer_Part_Number"; Value = "ESDA7P60-1U1M"; VariantName = "[No Variations]"
Add component (AddParameter): Name = "Order_Code_Digikey"; Value = "497-16253-2-ND"; VariantName = "[No Variations]"
Add component (AddParameter): Name = "Order_Code_Farnell"; Value = "N/A"; VariantName = "[No Variations]"
Add component (AddParameter): Name = "Order_Code_RS"; Value = "110-6381"; VariantName = "[No Variations]"
Add component (AddParameter): Name = "Package"; Value = "QFN1610"; VariantName = "[No Variations]"
Add component (AddParameter): Name = "Part_Preference"; Value = "Recommended"; VariantName = "[No Variations]"
Add component (AddParameter): Name = "Part_Type"; Value = "Diode"; VariantName = "[No Variations]"
Add component (AddParameter): Name = "Partial_Alternate_Internal_Part_Number"; Value = ""; VariantName = "[No Variations]"
Add component (AddParameter): Name = "Provided_By"; Value = "Subcon"; VariantName = "[No Variations]"
Add component (AddParameter): Name = "Revision"; Value = ""; VariantName = "[No Variations]"
Add component (AddParameter): Name = "ShowFields"; Value = "YES"; VariantName = "[No Variations]"
Add component (AddParameter): Name = "Status"; Value = "Released"; VariantName = "[No Variations]"
Add component (AddParameter): Name = "Value"; Value = "ESDA7P60-1U1M"; VariantName = "[No Variations]"
Added Component: Designator=U8(QFN32_5X5MC_MCH)
Add component (AddParameter): Name = "ECCN_US/EU"; Value = "EAR99/NEC"; VariantName = "[No Variations]"
Add component (AddParameter): Name = "Fitted"; Value = "YES"; VariantName = "[No Variations]"
Add component (AddParameter): Name = "Manuf_1"; Value = "MICROCHIP"; VariantName = "[No Variations]"
Add component (AddParameter): Name = "Manuf_Part_1"; Value = "USB3320C-EZK-TR"; VariantName = "[No Variations]"
Add component (AddParameter): Name = "Ordered by"; Value = "Subcon"; VariantName = "[No Variations]"
Added Component: Designator=U9(SOIC127P599X175-8N)
Added Component: Designator=U10(DS90LV011AQ-Q1)
Added Component: Designator=U11(DS90LV011AQ-Q1)
Added Component: Designator=U12(MODULE_FPGA)
Added Component: Designator=U13(IC_TPS25974ARPWR)
Added Component: Designator=U14(CONV_TPS5430DDAR)
Add component (AddParameter): Name = "Availability"; Value = "In Stock"; VariantName = "[No Variations]"
Add component (AddParameter): Name = "Check_prices"; Value = "https://www.snapeda.com/parts/TPS5430DDAR/Texas+Instruments/view-part/?ref=eda"; VariantName = "[No Variations]"
Add component (AddParameter): Name = "MF"; Value = "Texas Instruments"; VariantName = "[No Variations]"
Add component (AddParameter): Name = "MP"; Value = "TPS5430DDAR"; VariantName = "[No Variations]"
Add component (AddParameter): Name = "Package"; Value = "HSOIC-8 Texas Instruments"; VariantName = "[No Variations]"
Add component (AddParameter): Name = "Price"; Value = "None"; VariantName = "[No Variations]"
Add component (AddParameter): Name = "Purchase-URL"; Value = "https://pricing.snapeda.com/search/part/TPS5430DDAR/?ref=eda"; VariantName = "[No Variations]"
Add component (AddParameter): Name = "SnapEDA_Link"; Value = "https://www.snapeda.com/parts/TPS5430DDAR/Texas+Instruments/view-part/?ref=snap"; VariantName = "[No Variations]"
Add component (AddParameter): Name = "Value"; Value = ""; VariantName = "[No Variations]"
Added Component: Designator=U15(SOT230P700X180-4N)
Add component (AddParameter): Name = "Alternate_EMS"; Value = ""; VariantName = "[No Variations]"
Add component (AddParameter): Name = "BMS_Part_Number"; Value = "9176180"; VariantName = "[No Variations]"
Add component (AddParameter): Name = "Component_Country_Of_Origin"; Value = "China"; VariantName = "[No Variations]"
Add component (AddParameter): Name = "ComponentLink1Description"; Value = "STM_LDO_LD1117S18TR.pdf"; VariantName = "[No Variations]"
Add component (AddParameter): Name = "ComponentLink1URL"; Value = "http://tunmcdsvn.tun.st.com/Component_Documentation_Library/Trunk/IC/STMICROELECTRONICS_LD1117S18TR"; VariantName = "[No Variations]"
Add component (AddParameter): Name = "ECCN_EU"; Value = "NEC"; VariantName = "[No Variations]"
Add component (AddParameter): Name = "ECCN_US"; Value = "EAR99"; VariantName = "[No Variations]"
Add component (AddParameter): Name = "Full_Alternate_Internal_Part_Number"; Value = ""; VariantName = "[No Variations]"
Add component (AddParameter): Name = "ID"; Value = "3422"; VariantName = "[No Variations]"
Add component (AddParameter): Name = "Initial_Board_Reference"; Value = "MB1381"; VariantName = "[No Variations]"
Add component (AddParameter): Name = "Internal_Part_Number"; Value = "MCD-01070"; VariantName = "[No Variations]"
Add component (AddParameter): Name = "Manufacturer"; Value = "STMICROELECTRONICS"; VariantName = "[No Variations]"
Add component (AddParameter): Name = "Manufacturer_HQ_COO"; Value = "EU"; VariantName = "[No Variations]"
Add component (AddParameter): Name = "Manufacturer_Part_Number"; Value = "LD1117S18TR"; VariantName = "[No Variations]"
Add component (AddParameter): Name = "Order_Code_Digikey"; Value = "497-7308-2-ND"; VariantName = "[No Variations]"
Add component (AddParameter): Name = "Order_Code_Farnell"; Value = "3367145"; VariantName = "[No Variations]"
Add component (AddParameter): Name = "Order_Code_RS"; Value = "686-9375"; VariantName = "[No Variations]"
Add component (AddParameter): Name = "Package"; Value = "SOT-223"; VariantName = "[No Variations]"
Add component (AddParameter): Name = "Part_Preference"; Value = "Recommended"; VariantName = "[No Variations]"
Add component (AddParameter): Name = "Part_Type"; Value = "IC"; VariantName = "[No Variations]"
Add component (AddParameter): Name = "Partial_Alternate_Internal_Part_Number"; Value = ""; VariantName = "[No Variations]"
Add component (AddParameter): Name = "Provided_By"; Value = "Subcon"; VariantName = "[No Variations]"
Add component (AddParameter): Name = "ShowFields"; Value = "YES"; VariantName = "[No Variations]"
Add component (AddParameter): Name = "Status"; Value = "Checked"; VariantName = "[No Variations]"
Add component (AddParameter): Name = "Value"; Value = "LD1117S18TR"; VariantName = "[No Variations]"
Added Component: Designator=U16(TSSOP8_SOT505-1_NXP)
Added Component: Designator=U17(SOIC8_150MIL_N_ISI)
Add component (AddParameter): Name = "Copyright"; Value = "Copyright (C) 2025 Ultra Librarian. All rights reserved."; VariantName = "[No Variations]"
Add component (AddParameter): Name = "Manufacturer_Name"; Value = "ISSI"; VariantName = "[No Variations]"
Add component (AddParameter): Name = "Manufacturer_Part_Number"; Value = "IS66WVS4M8BLL-104NLI"; VariantName = "[No Variations]"
Add component (AddParameter): Name = "RefDes"; Value = "RefDes"; VariantName = "[No Variations]"
Add component (AddParameter): Name = "Type"; Value = "Memory"; VariantName = "[No Variations]"
Added Component: Designator=U18(TPL5010DDCR)
Added Component: Designator=X1(FP-NX3215SA-MFG)
Add component (AddParameter): Name = "Case/Package"; Value = "SMD/SMT"; VariantName = "[No Variations]"
Add component (AddParameter): Name = "ESR (Equivalent Series Resistance)"; Value = "70kR"; VariantName = "[No Variations]"
Add component (AddParameter): Name = "Frequency"; Value = "32.768kHz"; VariantName = "[No Variations]"
Add component (AddParameter): Name = "Frequency Tolerance"; Value = "20ppm"; VariantName = "[No Variations]"
Add component (AddParameter): Name = "Height"; Value = "0.035inch"; VariantName = "[No Variations]"
Add component (AddParameter): Name = "Length"; Value = "0.126inch"; VariantName = "[No Variations]"
Add component (AddParameter): Name = "Load Capacitance"; Value = "12.5pF"; VariantName = "[No Variations]"
Add component (AddParameter): Name = "Max Operating Temperature"; Value = "125°C"; VariantName = "[No Variations]"
Add component (AddParameter): Name = "Min Operating Temperature"; Value = "-40°C"; VariantName = "[No Variations]"
Add component (AddParameter): Name = "Mount"; Value = "Surface Mount"; VariantName = "[No Variations]"
Add component (AddParameter): Name = "Number of Pins"; Value = "2"; VariantName = "[No Variations]"
Add component (AddParameter): Name = "Package Quantity"; Value = "1000"; VariantName = "[No Variations]"
Add component (AddParameter): Name = "Packaging"; Value = "Tape and Reel"; VariantName = "[No Variations]"
Add component (AddParameter): Name = "Width"; Value = "0.059inch"; VariantName = "[No Variations]"
Added Component: Designator=X2(NZ2520SH-24M)
Add component (AddParameter): Name = "Alternate_EMS"; Value = ""; VariantName = "[No Variations]"
Add component (AddParameter): Name = "Alternate_Manufacturer"; Value = "AVX CORP/KYOCERA CORP"; VariantName = "[No Variations]"
Add component (AddParameter): Name = "Alternate_Manufacturer_Part_Number"; Value = "KC2520B25.0000C10E00"; VariantName = "[No Variations]"
Add component (AddParameter): Name = "BMS_Part_Number"; Value = "9157050"; VariantName = "[No Variations]"
Add component (AddParameter): Name = "Component_Country_Of_Origin"; Value = "Unknown"; VariantName = "[No Variations]"
Add component (AddParameter): Name = "ComponentLink1Description"; Value = "NDK_OSCILLATOR_NZ2520SB.pdf"; VariantName = "[No Variations]"
Add component (AddParameter): Name = "ComponentLink1URL"; Value = "http://tunmcdsvn.tun.st.com/Component_Documentation_Library/Trunk/Crystal_Oscillator/NDK_NZ2520SH_Series"; VariantName = "[No Variations]"
Add component (AddParameter): Name = "ECCN_EU"; Value = "n/a"; VariantName = "[No Variations]"
Add component (AddParameter): Name = "ECCN_US"; Value = "n/a"; VariantName = "[No Variations]"
Add component (AddParameter): Name = "Full_Alternate_Internal_Part_Number"; Value = ""; VariantName = "[No Variations]"
Add component (AddParameter): Name = "ID"; Value = "3148"; VariantName = "[No Variations]"
Add component (AddParameter): Name = "Initial_Board_Reference"; Value = "MB1331"; VariantName = "[No Variations]"
Add component (AddParameter): Name = "Internal_Part_Number"; Value = "MCD-00597"; VariantName = "[No Variations]"
Add component (AddParameter): Name = "Manufacturer"; Value = "NDK"; VariantName = "[No Variations]"
Add component (AddParameter): Name = "Manufacturer_HQ_COO"; Value = ""; VariantName = "[No Variations]"
Add component (AddParameter): Name = "Manufacturer_Part_Number"; Value = "NZ2520SH-25MHZ-END4869C"; VariantName = "[No Variations]"
Add component (AddParameter): Name = "Order_Code_Digikey"; Value = "N/A"; VariantName = "[No Variations]"
Add component (AddParameter): Name = "Order_Code_Farnell"; Value = "N/A"; VariantName = "[No Variations]"
Add component (AddParameter): Name = "Order_Code_RS"; Value = "N/A"; VariantName = "[No Variations]"
Add component (AddParameter): Name = "Package"; Value = "2.5x2.0mm"; VariantName = "[No Variations]"
Add component (AddParameter): Name = "Part_Preference"; Value = "Recommended"; VariantName = "[No Variations]"
Add component (AddParameter): Name = "Part_Type"; Value = "Crystal_Osc"; VariantName = "[No Variations]"
Add component (AddParameter): Name = "Partial_Alternate_Internal_Part_Number"; Value = ""; VariantName = "[No Variations]"
Add component (AddParameter): Name = "Provided_By"; Value = "STM"; VariantName = "[No Variations]"
Add component (AddParameter): Name = "ShowFields"; Value = "YES"; VariantName = "[No Variations]"
Add component (AddParameter): Name = "Status"; Value = "Released"; VariantName = "[No Variations]"
Add component (AddParameter): Name = "Value"; Value = "25MHz"; VariantName = "[No Variations]"
Added Component: Designator=X3(NZ2520SH-24M)
Added Pin To Net: NetName=GND Pin=B1-1
Added Pin To Net: NetName=GND Pin=B1-2
Added Pin To Net: NetName=RESET# Pin=B1-3
Added Pin To Net: NetName=RESET# Pin=B1-4
Added Pin To Net: NetName=3V3 Pin=B2-1
Added Pin To Net: NetName=3V3 Pin=B2-2
Added Pin To Net: NetName=NetB2_3 Pin=B2-3
Added Pin To Net: NetName=NetB2_3 Pin=B2-4
Added Pin To Net: NetName=GND Pin=C1-1
Added Pin To Net: NetName=3V3 Pin=C1-2
Added Pin To Net: NetName=GND Pin=C2-1
Added Pin To Net: NetName=3V3 Pin=C2-2
Added Pin To Net: NetName=GND Pin=C3-1
Added Pin To Net: NetName=3V3 Pin=C3-2
Added Pin To Net: NetName=GND Pin=C4-1
Added Pin To Net: NetName=3V3 Pin=C4-2
Added Pin To Net: NetName=GND Pin=C5-1
Added Pin To Net: NetName=NetC5_2 Pin=C5-2
Added Pin To Net: NetName=GND Pin=C6-1
Added Pin To Net: NetName=NetC5_2 Pin=C6-2
Added Pin To Net: NetName=GND Pin=C7-1
Added Pin To Net: NetName=3V3 Pin=C7-2
Added Pin To Net: NetName=3V3 Pin=C8-1
Added Pin To Net: NetName=GND Pin=C8-2
Added Pin To Net: NetName=GND Pin=C9-1
Added Pin To Net: NetName=3V3 Pin=C9-2
Added Pin To Net: NetName=GND Pin=C10-1
Added Pin To Net: NetName=3V3 Pin=C10-2
Added Pin To Net: NetName=GND Pin=C11-1
Added Pin To Net: NetName=3V3 Pin=C11-2
Added Pin To Net: NetName=GND Pin=C12-1
Added Pin To Net: NetName=3V3 Pin=C12-2
Added Pin To Net: NetName=GND Pin=C13-1
Added Pin To Net: NetName=3V3 Pin=C13-2
Added Pin To Net: NetName=GND Pin=C14-1
Added Pin To Net: NetName=3V3 Pin=C14-2
Added Pin To Net: NetName=GND Pin=C15-1
Added Pin To Net: NetName=3V3 Pin=C15-2
Added Pin To Net: NetName=GND Pin=C16-1
Added Pin To Net: NetName=3V3 Pin=C16-2
Added Pin To Net: NetName=GND Pin=C17-1
Added Pin To Net: NetName=3V3 Pin=C17-2
Added Pin To Net: NetName=GND Pin=C18-1
Added Pin To Net: NetName=3V3 Pin=C18-2
Added Pin To Net: NetName=GND Pin=C19-1
Added Pin To Net: NetName=3V3 Pin=C19-2
Added Pin To Net: NetName=GND Pin=C20-1
Added Pin To Net: NetName=3V3 Pin=C20-2
Added Pin To Net: NetName=GND Pin=C21-1
Added Pin To Net: NetName=3V3 Pin=C21-2
Added Pin To Net: NetName=GND Pin=C22-1
Added Pin To Net: NetName=3V3 Pin=C22-2
Added Pin To Net: NetName=GND Pin=C23-1
Added Pin To Net: NetName=NetC23_2 Pin=C23-2
Added Pin To Net: NetName=GND Pin=C24-1
Added Pin To Net: NetName=NetC24_2 Pin=C24-2
Added Pin To Net: NetName=GND Pin=C25-1
Added Pin To Net: NetName=NetC25_2 Pin=C25-2
Added Pin To Net: NetName=GND Pin=C26-1
Added Pin To Net: NetName=3V3 Pin=C26-2
Added Pin To Net: NetName=NetB2_3 Pin=C27-1
Added Pin To Net: NetName=NetC27_2 Pin=C27-2
Added Pin To Net: NetName=NetC28_1 Pin=C28-1
Added Pin To Net: NetName=GND-SD Pin=C28-2
Added Pin To Net: NetName=NetC29_1 Pin=C29-1
Added Pin To Net: NetName=GND-SD Pin=C29-2
Added Pin To Net: NetName=NetC30_1 Pin=C30-1
Added Pin To Net: NetName=GND-SD Pin=C30-2
Added Pin To Net: NetName=VDD_SDC Pin=C31-1
Added Pin To Net: NetName=GND-SD Pin=C31-2
Added Pin To Net: NetName=GND-SD Pin=C32-2
Added Pin To Net: NetName=VDD_SDC Pin=C33-1
Added Pin To Net: NetName=GND-SD Pin=C33-2
Added Pin To Net: NetName=GND Pin=C34-2
Added Pin To Net: NetName=GND Pin=C35-2
Added Pin To Net: NetName=GND Pin=C36-2
Added Pin To Net: NetName=GND Pin=C37-1
Added Pin To Net: NetName=NetC37_2 Pin=C37-2
Added Pin To Net: NetName=GND Pin=C38-1
Added Pin To Net: NetName=NetC38_2 Pin=C38-2
Added Pin To Net: NetName=VDD_MCU Pin=C39-1
Added Pin To Net: NetName=GND Pin=C39-2
Added Pin To Net: NetName=GND Pin=C40-1
Added Pin To Net: NetName=NetC38_2 Pin=C40-2
Added Pin To Net: NetName=VDDA Pin=C41-1
Added Pin To Net: NetName=GND Pin=C41-2
Added Pin To Net: NetName=GND Pin=C42-1
Added Pin To Net: NetName=VDD_MCU Pin=C42-2
Added Pin To Net: NetName=GND Pin=C43-1
Added Pin To Net: NetName=VDD_MCU Pin=C43-2
Added Pin To Net: NetName=GND Pin=C44-1
Added Pin To Net: NetName=VDD_MCU Pin=C44-2
Added Pin To Net: NetName=GND Pin=C45-1
Added Pin To Net: NetName=VDD_MCU Pin=C45-2
Added Pin To Net: NetName=GND Pin=C46-1
Added Pin To Net: NetName=VDD_MCU Pin=C46-2
Added Pin To Net: NetName=GND Pin=C47-1
Added Pin To Net: NetName=VDD_MCU Pin=C47-2
Added Pin To Net: NetName=GND Pin=C48-1
Added Pin To Net: NetName=VDD_MCU Pin=C48-2
Added Pin To Net: NetName=GND Pin=C49-1
Added Pin To Net: NetName=VDD_MCU Pin=C49-2
Added Pin To Net: NetName=GND Pin=C50-1
Added Pin To Net: NetName=VDD_MCU Pin=C50-2
Added Pin To Net: NetName=GND Pin=C51-1
Added Pin To Net: NetName=VDD_MCU Pin=C51-2
Added Pin To Net: NetName=GND Pin=C52-1
Added Pin To Net: NetName=3V3 Pin=C52-2
Added Pin To Net: NetName=GND Pin=C53-1
Added Pin To Net: NetName=VDD_MCU Pin=C53-2
Added Pin To Net: NetName=GND Pin=C54-1
Added Pin To Net: NetName=VDD_MCU Pin=C54-2
Added Pin To Net: NetName=GND Pin=C55-1
Added Pin To Net: NetName=VDD_MCU Pin=C55-2
Added Pin To Net: NetName=GND Pin=C56-1
Added Pin To Net: NetName=VDD_MCU Pin=C56-2
Added Pin To Net: NetName=GND Pin=C57-1
Added Pin To Net: NetName=VDD_MCU Pin=C57-2
Added Pin To Net: NetName=GND Pin=C58-1
Added Pin To Net: NetName=VDD_MCU Pin=C58-2
Added Pin To Net: NetName=GND Pin=C59-1
Added Pin To Net: NetName=VDD_MCU Pin=C59-2
Added Pin To Net: NetName=GND Pin=C60-1
Added Pin To Net: NetName=VDD_MCU Pin=C60-2
Added Pin To Net: NetName=GND Pin=C61-1
Added Pin To Net: NetName=VDD_MCU Pin=C61-2
Added Pin To Net: NetName=GND Pin=C62-1
Added Pin To Net: NetName=VDD_MCU Pin=C62-2
Added Pin To Net: NetName=GND Pin=C64-1
Added Pin To Net: NetName=3V3 Pin=C64-2
Added Pin To Net: NetName=GND Pin=C65-1
Added Pin To Net: NetName=GND Pin=C65-1
Added Pin To Net: NetName=3V3 Pin=C65-2
Added Pin To Net: NetName=VDDA Pin=C65-2
Added Pin To Net: NetName=GND Pin=C66-1
Added Pin To Net: NetName=NetC66_2 Pin=C66-2
Added Pin To Net: NetName=GND Pin=C67-1
Added Pin To Net: NetName=NetC66_2 Pin=C67-2
Added Pin To Net: NetName=GND Pin=C68-1
Added Pin To Net: NetName=1V8 Pin=C68-2
Added Pin To Net: NetName=GND Pin=C69-1
Added Pin To Net: NetName=3V3 Pin=C69-2
Added Pin To Net: NetName=GND Pin=C70-1
Added Pin To Net: NetName=NetC70_2 Pin=C70-2
Added Pin To Net: NetName=GND Pin=C71-1
Added Pin To Net: NetName=NetC70_2 Pin=C71-2
Added Pin To Net: NetName=GND Pin=C72-1
Added Pin To Net: NetName=NetC70_2 Pin=C72-2
Added Pin To Net: NetName=GND Pin=C73-1
Added Pin To Net: NetName=NetC70_2 Pin=C73-2
Added Pin To Net: NetName=GND Pin=C74-1
Added Pin To Net: NetName=USB_VDDIO Pin=C74-2
Added Pin To Net: NetName=3.3V Pin=C75-1
Added Pin To Net: NetName=GND Pin=C75-2
Added Pin To Net: NetName=3.3V Pin=C76-1
Added Pin To Net: NetName=GND Pin=C76-2
Added Pin To Net: NetName=NetC77_1 Pin=C77-1
Added Pin To Net: NetName=GND Pin=C77-2
Added Pin To Net: NetName=12V Pin=C78-1
Added Pin To Net: NetName=GND Pin=C78-2
Added Pin To Net: NetName=GND Pin=C79-1
Added Pin To Net: NetName=3V3 Pin=C79-2
Added Pin To Net: NetName=GND Pin=C80-1
Added Pin To Net: NetName=3V3 Pin=C80-2
Added Pin To Net: NetName=GND Pin=C81-1
Added Pin To Net: NetName=3V3 Pin=C81-2
Added Pin To Net: NetName=GND Pin=C82-1
Added Pin To Net: NetName=3V3 Pin=C82-2
Added Pin To Net: NetName=12V_CONN Pin=C83-1
Added Pin To Net: NetName=GND Pin=C83-2
Added Pin To Net: NetName=GND Pin=C84-1
Added Pin To Net: NetName=NetC84_2 Pin=C84-2
Added Pin To Net: NetName=12V Pin=C85-1
Added Pin To Net: NetName=GND Pin=C85-2
Added Pin To Net: NetName=GND Pin=C86-1
Added Pin To Net: NetName=NetC86_2 Pin=C86-2
Added Pin To Net: NetName=NetC87_1 Pin=C87-1
Added Pin To Net: NetName=NetC87_2 Pin=C87-2
Added Pin To Net: NetName=GND Pin=C88-1
Added Pin To Net: NetName=1V8 Pin=C88-2
Added Pin To Net: NetName=NetC89_1 Pin=C89-1
Added Pin To Net: NetName=12V Pin=C89-2
Added Pin To Net: NetName=NetC90_1 Pin=C90-1
Added Pin To Net: NetName=3V3 Pin=C90-2
Added Pin To Net: NetName=GND Pin=C91-1
Added Pin To Net: NetName=3V3 Pin=C91-2
Added Pin To Net: NetName=GND Pin=C92-1
Added Pin To Net: NetName=NetC89_1 Pin=C92-2
Added Pin To Net: NetName=GND Pin=C93-1
Added Pin To Net: NetName=NetC90_1 Pin=C93-2
Added Pin To Net: NetName=NetC95_1 Pin=C95-1
Added Pin To Net: NetName=3V3 Pin=C95-2
Added Pin To Net: NetName=NetC96_1 Pin=C96-1
Added Pin To Net: NetName=3V3 Pin=C96-2
Added Pin To Net: NetName=GND Pin=C97-1
Added Pin To Net: NetName=NetC95_1 Pin=C97-2
Added Pin To Net: NetName=GND Pin=C98-1
Added Pin To Net: NetName=NetC96_1 Pin=C98-2
Added Pin To Net: NetName=NetC99_1 Pin=C99-1
Added Pin To Net: NetName=3V3 Pin=C99-2
Added Pin To Net: NetName=GND Pin=C100-1
Added Pin To Net: NetName=NetC99_1 Pin=C100-2
Added Pin To Net: NetName=NetC101_1 Pin=C101-1
Added Pin To Net: NetName=3V3 Pin=C101-2
Added Pin To Net: NetName=GND Pin=C102-1
Added Pin To Net: NetName=NetC101_1 Pin=C102-2
Added Pin To Net: NetName=GND Pin=C-1
Added Pin To Net: NetName=RESET# Pin=C-2
Added Pin To Net: NetName=NetD1_1 Pin=D1-1
Added Pin To Net: NetName=NetD1_2 Pin=D1-2
Added Pin To Net: NetName=GND Pin=D1-3
Added Pin To Net: NetName=GND Pin=D2-1
Added Pin To Net: NetName=NetC87_1 Pin=D2-2
Added Pin To Net: NetName=3V3 Pin=DS1-1
Added Pin To Net: NetName=NetDS1_2 Pin=DS1-2
Added Pin To Net: NetName=3V3 Pin=DS2-1
Added Pin To Net: NetName=NetDS2_2 Pin=DS2-2
Added Pin To Net: NetName=NetDS3_1 Pin=DS3-1
Added Pin To Net: NetName=GND Pin=DS3-2
Added Pin To Net: NetName=NetDS4_1 Pin=DS4-1
Added Pin To Net: NetName=GND Pin=DS4-2
Added Pin To Net: NetName=NetC28_1 Pin=FB1-1
Added Pin To Net: NetName=VDD_MCU Pin=FB1-2
Added Pin To Net: NetName=VDD_MCU Pin=FB2-1
Added Pin To Net: NetName=VDDA Pin=FB2-2
Added Pin To Net: NetName=NetFB3_1 Pin=FB3-1
Added Pin To Net: NetName=USB_HS_P Pin=FB3-2
Added Pin To Net: NetName=GND Pin=FB4-1
Added Pin To Net: NetName=NetC70_2 Pin=FB4-2
Added Pin To Net: NetName=3V3 Pin=J1-1
Added Pin To Net: NetName=VDD_MCU Pin=J1-2
Added Pin To Net: NetName=USB_HS_N Pin=J2-2
Added Pin To Net: NetName=USB_HS_P Pin=J2-3
Added Pin To Net: NetName=NetC70_2 Pin=J2-5
Added Pin To Net: NetName=NetC70_2 Pin=J2-6
Added Pin To Net: NetName=NetC70_2 Pin=J2-7
Added Pin To Net: NetName=NetC70_2 Pin=J2-8
Added Pin To Net: NetName=NetC70_2 Pin=J2-8
Added Pin To Net: NetName=NetC70_2 Pin=J2-8
Added Pin To Net: NetName=NetC70_2 Pin=J2-9
Added Pin To Net: NetName=NetC70_2 Pin=J2-10
Added Pin To Net: NetName=NetC70_2 Pin=J2-10
Added Pin To Net: NetName=NetC70_2 Pin=J2-10
Added Pin To Net: NetName=LVDS_TxD_P Pin=J3-1
Added Pin To Net: NetName=LVDS_TxD_N Pin=J3-2
Added Pin To Net: NetName=LVDS_RxD_P Pin=J3-3
Added Pin To Net: NetName=LVDS_RxD_N Pin=J3-4
Added Pin To Net: NetName=GND Pin=J3-5
Added Pin To Net: NetName=LVDS_TxC_P Pin=J3-6
Added Pin To Net: NetName=LVDS_TxC_N Pin=J3-7
Added Pin To Net: NetName=LVDS_RxC_P Pin=J3-8
Added Pin To Net: NetName=LVDS_RxC_N Pin=J3-9
Added Pin To Net: NetName=FPGA_TxD_P Pin=J4-1
Added Pin To Net: NetName=FPGA_TxD_N Pin=J4-2
Added Pin To Net: NetName=GND Pin=J4-5
Added Pin To Net: NetName=FPGA_TxC_P Pin=J4-6
Added Pin To Net: NetName=FPGA_TxC_N Pin=J4-7
Added Pin To Net: NetName=12V_CONN Pin=J5-1
Added Pin To Net: NetName=12V_CONN Pin=J5-2
Added Pin To Net: NetName=GND Pin=J5-4
Added Pin To Net: NetName=GND Pin=J5-5
Added Pin To Net: NetName=JTDO/SWO Pin=J6-1
Added Pin To Net: NetName=JTCK/SWCLK Pin=J6-2
Added Pin To Net: NetName=JTMS/SWDO Pin=J6-3
Added Pin To Net: NetName=JTDI Pin=J6-4
Added Pin To Net: NetName=NC Pin=J6-5
Added Pin To Net: NetName=3V3 Pin=J6-6
Added Pin To Net: NetName=RESET# Pin=J6-7
Added Pin To Net: NetName=DEBUG_UART_TX Pin=J6-8
Added Pin To Net: NetName=DEBUG_UART_RX Pin=J6-9
Added Pin To Net: NetName=GND Pin=J6-10
Added Pin To Net: NetName=3V3 Pin=J8-1
Added Pin To Net: NetName=NetJ8_2 Pin=J8-2
Added Pin To Net: NetName=RESET# Pin=J8-3
Added Pin To Net: NetName=NetJ8_4 Pin=J8-4
Added Pin To Net: NetName=NetJ8_5 Pin=J8-5
Added Pin To Net: NetName=NetJ8_6 Pin=J8-6
Added Pin To Net: NetName=NetJ8_7 Pin=J8-7
Added Pin To Net: NetName=JTDI Pin=J8-8
Added Pin To Net: NetName=GND Pin=J8-9
Added Pin To Net: NetName=CAN0_L Pin=J9-01
Added Pin To Net: NetName=CAN0_H Pin=J9-03
Added Pin To Net: NetName=NetJ9_05 Pin=J9-05
Added Pin To Net: NetName=NetJ9_06 Pin=J9-06
Added Pin To Net: NetName=NetJ9_08 Pin=J9-08
Added Pin To Net: NetName=NetJ9_09 Pin=J9-09
Added Pin To Net: NetName=NetJ9_10 Pin=J9-10
Added Pin To Net: NetName=NetJ9_11 Pin=J9-11
Added Pin To Net: NetName=NetJ9_12 Pin=J9-12
Added Pin To Net: NetName=NetJ9_13 Pin=J9-13
Added Pin To Net: NetName=NetJ9_14 Pin=J9-14
Added Pin To Net: NetName=NetJ9_15 Pin=J9-15
Added Pin To Net: NetName=NetJ9_19 Pin=J9-19
Added Pin To Net: NetName=NetJ9_21 Pin=J9-21
Added Pin To Net: NetName=NetJ9_23 Pin=J9-23
Added Pin To Net: NetName=I2C0_SDA Pin=J9-38
Added Pin To Net: NetName=NetJ9_39 Pin=J9-39
Added Pin To Net: NetName=I2C0_SCL Pin=J9-40
Added Pin To Net: NetName=I2C1_SDA Pin=J9-41
Added Pin To Net: NetName=I2C2_SDA Pin=J9-42
Added Pin To Net: NetName=I2C1_SCL Pin=J9-43
Added Pin To Net: NetName=I2C2_SCL Pin=J9-44
Added Pin To Net: NetName=5V_SW1 Pin=J9-47
Added Pin To Net: NetName=3V3_SW1 Pin=J9-48
Added Pin To Net: NetName=5V_SW2 Pin=J9-49
Added Pin To Net: NetName=3V3_SW2 Pin=J9-50
Added Pin To Net: NetName=5V_SW3 Pin=J9-51
Added Pin To Net: NetName=3V3_SW3 Pin=J9-52
Added Pin To Net: NetName=5V_BUS Pin=J10-25
Added Pin To Net: NetName=5V_BUS Pin=J10-26
Added Pin To Net: NetName=3V3_BUS Pin=J10-27
Added Pin To Net: NetName=3V3_BUS Pin=J10-28
Added Pin To Net: NetName=GND Pin=J10-29
Added Pin To Net: NetName=GND Pin=J10-30
Added Pin To Net: NetName=GND Pin=J10-31
Added Pin To Net: NetName=GND Pin=J10-32
Added Pin To Net: NetName=VBAT_BUS Pin=J10-45
Added Pin To Net: NetName=VBAT_BUS Pin=J10-46
Added Pin To Net: NetName=GND Pin=J10-47
Added Pin To Net: NetName=GND Pin=J10-48
Added Pin To Net: NetName=12V_CONN Pin=J11-1
Added Pin To Net: NetName=GND Pin=J11-2
Added Pin To Net: NetName=NetD1_1 Pin=J11-3
Added Pin To Net: NetName=NetD1_2 Pin=J11-4
Added Pin To Net: NetName=NetJ11_5 Pin=J11-5
Added Pin To Net: NetName=NetJ11_6 Pin=J11-6
Added Pin To Net: NetName=USB_CON_P Pin=J11-7
Added Pin To Net: NetName=USB_CON_N Pin=J11-8
Added Pin To Net: NetName=NetJ11_9 Pin=J11-9
Added Pin To Net: NetName=NetC87_1 Pin=L2-1
Added Pin To Net: NetName=3V3 Pin=L2-2
Added Pin To Net: NetName=VDD_SDC Pin=L?-1
Added Pin To Net: NetName=NetC29_1 Pin=L?-2
Added Pin To Net: NetName=3V3 Pin=Q1-1
Added Pin To Net: NetName=3V3 Pin=Q1-2
Added Pin To Net: NetName=3V3 Pin=Q1-3
Added Pin To Net: NetName=T1_G Pin=Q1-4
Added Pin To Net: NetName=T1_D Pin=Q1-5
Added Pin To Net: NetName=T1_D Pin=Q1-6
Added Pin To Net: NetName=T1_D Pin=Q1-7
Added Pin To Net: NetName=T1_D Pin=Q1-8
Added Pin To Net: NetName=NetQ2_1 Pin=Q2-1
Added Pin To Net: NetName=GND Pin=Q2-2
Added Pin To Net: NetName=T1_G Pin=Q2-3
Added Pin To Net: NetName=SDIO1_D0 Pin=R1-1
Added Pin To Net: NetName=3V3 Pin=R1-2
Added Pin To Net: NetName=SDIO1_D1 Pin=R2-1
Added Pin To Net: NetName=3V3 Pin=R2-2
Added Pin To Net: NetName=SDIO1_D2 Pin=R3-1
Added Pin To Net: NetName=3V3 Pin=R3-2
Added Pin To Net: NetName=SDIO1_D3 Pin=R4-1
Added Pin To Net: NetName=3V3 Pin=R4-2
Added Pin To Net: NetName=SDIO1_D4 Pin=R5-1
Added Pin To Net: NetName=3V3 Pin=R5-2
Added Pin To Net: NetName=SDIO1_D5 Pin=R6-1
Added Pin To Net: NetName=3V3 Pin=R6-2
Added Pin To Net: NetName=SDIO1_D6 Pin=R7-1
Added Pin To Net: NetName=3V3 Pin=R7-2
Added Pin To Net: NetName=SDIO1_D7 Pin=R8-1
Added Pin To Net: NetName=3V3 Pin=R8-2
Added Pin To Net: NetName=SDIO1_D0 Pin=R9-1
Added Pin To Net: NetName=NetR9_2 Pin=R9-2
Added Pin To Net: NetName=SDIO1_D1 Pin=R10-1
Added Pin To Net: NetName=NetR10_2 Pin=R10-2
Added Pin To Net: NetName=SDIO1_D2 Pin=R11-1
Added Pin To Net: NetName=NetR11_2 Pin=R11-2
Added Pin To Net: NetName=SDIO1_D3 Pin=R12-1
Added Pin To Net: NetName=NetR12_2 Pin=R12-2
Added Pin To Net: NetName=SDIO1_D4 Pin=R13-1
Added Pin To Net: NetName=NetR13_2 Pin=R13-2
Added Pin To Net: NetName=SDIO1_D5 Pin=R14-1
Added Pin To Net: NetName=NetR14_2 Pin=R14-2
Added Pin To Net: NetName=SDIO1_D6 Pin=R15-1
Added Pin To Net: NetName=NetR15_2 Pin=R15-2
Added Pin To Net: NetName=SDIO1_D7 Pin=R16-1
Added Pin To Net: NetName=NetR16_2 Pin=R16-2
Added Pin To Net: NetName=eMMC_RSTn Pin=R17-1
Added Pin To Net: NetName=3V3 Pin=R17-2
Added Pin To Net: NetName=SDIO1_CMD Pin=R18-1
Added Pin To Net: NetName=3V3 Pin=R18-2
Added Pin To Net: NetName=eMMC_RSTn Pin=R19-1
Added Pin To Net: NetName=RESET# Pin=R19-2
Added Pin To Net: NetName=SDIO1_CK Pin=R20-1
Added Pin To Net: NetName=NetR20_2 Pin=R20-2
Added Pin To Net: NetName=SDIO1_CMD Pin=R21-1
Added Pin To Net: NetName=NetR21_2 Pin=R21-2
Added Pin To Net: NetName=GND Pin=R22-1
Added Pin To Net: NetName=NetR22_2 Pin=R22-2
Added Pin To Net: NetName=QSPI_BK1_IO3 Pin=R23-1
Added Pin To Net: NetName=NetR23_2 Pin=R23-2
Added Pin To Net: NetName=QSPI_BK2_IO3 Pin=R24-1
Added Pin To Net: NetName=NetR24_2 Pin=R24-2
Added Pin To Net: NetName=NetR25_1 Pin=R25-1
Added Pin To Net: NetName=QSPI_BK1_IO0 Pin=R25-2
Added Pin To Net: NetName=NetR26_1 Pin=R26-1
Added Pin To Net: NetName=QSPI_BK2_IO0 Pin=R26-2
Added Pin To Net: NetName=NetR27_1 Pin=R27-1
Added Pin To Net: NetName=QSPI_BK2_IO0 Pin=R27-2
Added Pin To Net: NetName=QSPI_BK2_IO3 Pin=R28-1
Added Pin To Net: NetName=NetR28_2 Pin=R28-2
Added Pin To Net: NetName=NetR29_1 Pin=R29-1
Added Pin To Net: NetName=QSPI_BK2_IO2 Pin=R29-2
Added Pin To Net: NetName=QSPI_BK2_IO1 Pin=R30-1
Added Pin To Net: NetName=NetR30_2 Pin=R30-2
Added Pin To Net: NetName=NetR31_1 Pin=R31-1
Added Pin To Net: NetName=QSPI_BK1_IO2 Pin=R31-2
Added Pin To Net: NetName=QSPI_BK2_IO1 Pin=R32-1
Added Pin To Net: NetName=NetR32_2 Pin=R32-2
Added Pin To Net: NetName=NetR33_1 Pin=R33-1
Added Pin To Net: NetName=QSPI_BK2_IO2 Pin=R33-2
Added Pin To Net: NetName=QSPI_BK1_IO1 Pin=R34-1
Added Pin To Net: NetName=NetR34_2 Pin=R34-2
Added Pin To Net: NetName=3V3 Pin=R35-1
Added Pin To Net: NetName=QSPI_BK1_NCS Pin=R35-2
Added Pin To Net: NetName=3V3 Pin=R36-1
Added Pin To Net: NetName=QSPI_BK2_NCS Pin=R36-2
Added Pin To Net: NetName=NetR37_1 Pin=R37-1
Added Pin To Net: NetName=SDRAM_D2 Pin=R37-2
Added Pin To Net: NetName=SDRAM_A10 Pin=R38-1
Added Pin To Net: NetName=NetR38_2 Pin=R38-2
Added Pin To Net: NetName=NetR39_1 Pin=R39-1
Added Pin To Net: NetName=SDRAM_D24 Pin=R39-2
Added Pin To Net: NetName=NetR40_1 Pin=R40-1
Added Pin To Net: NetName=SDRAM_D3 Pin=R40-2
Added Pin To Net: NetName=SDRAM_A11 Pin=R41-1
Added Pin To Net: NetName=NetR41_2 Pin=R41-2
Added Pin To Net: NetName=NetR42_1 Pin=R42-1
Added Pin To Net: NetName=SDRAM_D25 Pin=R42-2
Added Pin To Net: NetName=NetR43_1 Pin=R43-1
Added Pin To Net: NetName=SDRAM_D26 Pin=R43-2
Added Pin To Net: NetName=NetR44_1 Pin=R44-1
Added Pin To Net: NetName=SDRAM_D27 Pin=R44-2
Added Pin To Net: NetName=SDRAM_BA0 Pin=R45-1
Added Pin To Net: NetName=NetR45_2 Pin=R45-2
Added Pin To Net: NetName=NetR46_1 Pin=R46-1
Added Pin To Net: NetName=SDRAM_NBL3 Pin=R46-2
Added Pin To Net: NetName=SDRAM_BA1 Pin=R47-1
Added Pin To Net: NetName=NetR47_2 Pin=R47-2
Added Pin To Net: NetName=NetR48_1 Pin=R48-1
Added Pin To Net: NetName=SDRAM_NBL2 Pin=R48-2
Added Pin To Net: NetName=QSPI_BK1_NCS Pin=R49-1
Added Pin To Net: NetName=NetR49_2 Pin=R49-2
Added Pin To Net: NetName=NetR50_1 Pin=R50-1
Added Pin To Net: NetName=SDRAM_D28 Pin=R50-2
Added Pin To Net: NetName=NetR51_1 Pin=R51-1
Added Pin To Net: NetName=SDRAM_D29 Pin=R51-2
Added Pin To Net: NetName=NetR52_1 Pin=R52-1
Added Pin To Net: NetName=SDRAM_D13 Pin=R52-2
Added Pin To Net: NetName=SDRAM_SDCLK Pin=R53-1
Added Pin To Net: NetName=NetR53_2 Pin=R53-2
Added Pin To Net: NetName=NetR54_1 Pin=R54-1
Added Pin To Net: NetName=SDRAM_D14 Pin=R54-2
Added Pin To Net: NetName=QSPI_BK2_IO2 Pin=R55-1
Added Pin To Net: NetName=NetR55_2 Pin=R55-2
Added Pin To Net: NetName=NetR56_1 Pin=R56-1
Added Pin To Net: NetName=SDRAM_D30 Pin=R56-2
Added Pin To Net: NetName=NetR57_1 Pin=R57-1
Added Pin To Net: NetName=SDRAM_D15 Pin=R57-2
Added Pin To Net: NetName=NetR58_1 Pin=R58-1
Added Pin To Net: NetName=SDRAM_D31 Pin=R58-2
Added Pin To Net: NetName=NetR59_1 Pin=R59-1
Added Pin To Net: NetName=QSPI_BK1_IO0 Pin=R59-2
Added Pin To Net: NetName=NetR60_1 Pin=R60-1
Added Pin To Net: NetName=SDRAM_D0 Pin=R60-2
Added Pin To Net: NetName=QSPI_BK2_IO3 Pin=R61-1
Added Pin To Net: NetName=NetR61_2 Pin=R61-2
Added Pin To Net: NetName=NetR62_1 Pin=R62-1
Added Pin To Net: NetName=SDRAM_D1 Pin=R62-2
Added Pin To Net: NetName=SDRAM_SDNCAS Pin=R63-1
Added Pin To Net: NetName=NetR63_2 Pin=R63-2
Added Pin To Net: NetName=NetR64_1 Pin=R64-1
Added Pin To Net: NetName=SDRAM_NBL0 Pin=R64-2
Added Pin To Net: NetName=NetR65_1 Pin=R65-1
Added Pin To Net: NetName=SDRAM_NBL1 Pin=R65-2
Added Pin To Net: NetName=QSPI_BK2_IO0 Pin=R66-1
Added Pin To Net: NetName=NetR66_2 Pin=R66-2
Added Pin To Net: NetName=QSPI_BK2_IO1 Pin=R67-1
Added Pin To Net: NetName=NetR67_2 Pin=R67-2
Added Pin To Net: NetName=SDRAM_SDNWE Pin=R68-1
Added Pin To Net: NetName=NetR68_2 Pin=R68-2
Added Pin To Net: NetName=SDRAM_SDNE1 Pin=R69-1
Added Pin To Net: NetName=NetR69_2 Pin=R69-2
Added Pin To Net: NetName=NetR70_1 Pin=R70-1
Added Pin To Net: NetName=SDRAM_D4 Pin=R70-2
Added Pin To Net: NetName=SDRAM_SDCKE1 Pin=R71-1
Added Pin To Net: NetName=NetR71_2 Pin=R71-2
Added Pin To Net: NetName=NetR72_1 Pin=R72-1
Added Pin To Net: NetName=SDRAM_D5 Pin=R72-2
Added Pin To Net: NetName=NetR73_1 Pin=R73-1
Added Pin To Net: NetName=SDRAM_D16 Pin=R73-2
Added Pin To Net: NetName=NetR74_1 Pin=R74-1
Added Pin To Net: NetName=SDRAM_D6 Pin=R74-2
Added Pin To Net: NetName=NetR75_1 Pin=R75-1
Added Pin To Net: NetName=SDRAM_D17 Pin=R75-2
Added Pin To Net: NetName=NetR76_1 Pin=R76-1
Added Pin To Net: NetName=SDRAM_D7 Pin=R76-2
Added Pin To Net: NetName=NetR77_1 Pin=R77-1
Added Pin To Net: NetName=SDRAM_D18 Pin=R77-2
Added Pin To Net: NetName=NetR78_1 Pin=R78-1
Added Pin To Net: NetName=SDRAM_D8 Pin=R78-2
Added Pin To Net: NetName=NetR79_1 Pin=R79-1
Added Pin To Net: NetName=SDRAM_D19 Pin=R79-2
Added Pin To Net: NetName=NetR80_1 Pin=R80-1
Added Pin To Net: NetName=SDRAM_D9 Pin=R80-2
Added Pin To Net: NetName=NetR81_1 Pin=R81-1
Added Pin To Net: NetName=SDRAM_D20 Pin=R81-2
Added Pin To Net: NetName=NetR82_1 Pin=R82-1
Added Pin To Net: NetName=SDRAM_D10 Pin=R82-2
Added Pin To Net: NetName=NetR83_1 Pin=R83-1
Added Pin To Net: NetName=SDRAM_D21 Pin=R83-2
Added Pin To Net: NetName=NetR84_1 Pin=R84-1
Added Pin To Net: NetName=SDRAM_D11 Pin=R84-2
Added Pin To Net: NetName=NetR85_1 Pin=R85-1
Added Pin To Net: NetName=SDRAM_D22 Pin=R85-2
Added Pin To Net: NetName=NetR86_1 Pin=R86-1
Added Pin To Net: NetName=SDRAM_D12 Pin=R86-2
Added Pin To Net: NetName=NetR87_1 Pin=R87-1
Added Pin To Net: NetName=SDRAM_D23 Pin=R87-2
Added Pin To Net: NetName=NetR88_1 Pin=R88-1
Added Pin To Net: NetName=SDRAM_A0 Pin=R88-2
Added Pin To Net: NetName=NetR89_1 Pin=R89-1
Added Pin To Net: NetName=SDRAM_A1 Pin=R89-2
Added Pin To Net: NetName=NetR90_1 Pin=R90-1
Added Pin To Net: NetName=SDRAM_A2 Pin=R90-2
Added Pin To Net: NetName=NetR91_1 Pin=R91-1
Added Pin To Net: NetName=SDRAM_A3 Pin=R91-2
Added Pin To Net: NetName=NetR92_1 Pin=R92-1
Added Pin To Net: NetName=SDRAM_A4 Pin=R92-2
Added Pin To Net: NetName=NetR93_1 Pin=R93-1
Added Pin To Net: NetName=SDRAM_A5 Pin=R93-2
Added Pin To Net: NetName=NetR94_1 Pin=R94-1
Added Pin To Net: NetName=QSPI_BK1_IO3 Pin=R94-2
Added Pin To Net: NetName=NetR95_1 Pin=R95-1
Added Pin To Net: NetName=NetC23_2 Pin=R95-2
Added Pin To Net: NetName=NetR96_1 Pin=R96-1
Added Pin To Net: NetName=QSPI_BK1_IO2 Pin=R96-2
Added Pin To Net: NetName=NetR97_1 Pin=R97-1
Added Pin To Net: NetName=OSC_25M Pin=R97-2
Added Pin To Net: NetName=NetR98_1 Pin=R98-1
Added Pin To Net: NetName=QSPI_BK1_IO1 Pin=R98-2
Added Pin To Net: NetName=NetR99_1 Pin=R99-1
Added Pin To Net: NetName=QSPI_CLK Pin=R99-2
Added Pin To Net: NetName=NetR100_1 Pin=R100-1
Added Pin To Net: NetName=SDRAM_SDNRAS Pin=R100-2
Added Pin To Net: NetName=NetR101_1 Pin=R101-1
Added Pin To Net: NetName=SDRAM_A6 Pin=R101-2
Added Pin To Net: NetName=NetR102_1 Pin=R102-1
Added Pin To Net: NetName=SDRAM_A7 Pin=R102-2
Added Pin To Net: NetName=NetR103_1 Pin=R103-1
Added Pin To Net: NetName=SDRAM_A8 Pin=R103-2
Added Pin To Net: NetName=NetR104_1 Pin=R104-1
Added Pin To Net: NetName=SDRAM_A9 Pin=R104-2
Added Pin To Net: NetName=NetDS1_2 Pin=R105-1
Added Pin To Net: NetName=LED1 Pin=R105-2
Added Pin To Net: NetName=NetR106_1 Pin=R106-1
Added Pin To Net: NetName=NetC24_2 Pin=R106-2
Added Pin To Net: NetName=NetR107_1 Pin=R107-1
Added Pin To Net: NetName=NetC25_2 Pin=R107-2
Added Pin To Net: NetName=NetDS2_2 Pin=R108-1
Added Pin To Net: NetName=LED2 Pin=R108-2
Added Pin To Net: NetName=BOOT0 Pin=R109-1
Added Pin To Net: NetName=GND Pin=R109-2
Added Pin To Net: NetName=3V3 Pin=R110-1
Added Pin To Net: NetName=BOOT0 Pin=R110-2
Added Pin To Net: NetName=3V3 Pin=R111-1
Added Pin To Net: NetName=NetR111_2 Pin=R111-2
Added Pin To Net: NetName=NetR112_1 Pin=R112-1
Added Pin To Net: NetName=3V3 Pin=R112-2
Added Pin To Net: NetName=GND Pin=R113-1
Added Pin To Net: NetName=NetR111_2 Pin=R113-2
Added Pin To Net: NetName=3V3 Pin=R114-1
Added Pin To Net: NetName=NetC27_2 Pin=R114-2
Added Pin To Net: NetName=WAKEUP Pin=R115-1
Added Pin To Net: NetName=NetB2_3 Pin=R115-2
Added Pin To Net: NetName=NetB2_3 Pin=R116-1
Added Pin To Net: NetName=GND Pin=R116-2
Added Pin To Net: NetName=3V3 Pin=R117-1
Added Pin To Net: NetName=VDDA Pin=R117-2
Added Pin To Net: NetName=USB_HS_P Pin=R118-1
Added Pin To Net: NetName=NetJ11_9 Pin=R118-2
Added Pin To Net: NetName=USB_HS_P Pin=R119-1
Added Pin To Net: NetName=USB_CON_P Pin=R119-2
Added Pin To Net: NetName=USB_HS_N Pin=R120-1
Added Pin To Net: NetName=NetR120_2 Pin=R120-2
Added Pin To Net: NetName=NetR121_1 Pin=R121-1
Added Pin To Net: NetName=ULPI_NXT Pin=R121-2
Added Pin To Net: NetName=NetR122_1 Pin=R122-1
Added Pin To Net: NetName=ULPI_DIR Pin=R122-2
Added Pin To Net: NetName=NetR123_1 Pin=R123-1
Added Pin To Net: NetName=ULPI_STP Pin=R123-2
Added Pin To Net: NetName=NetR124_1 Pin=R124-1
Added Pin To Net: NetName=ULPI_CK Pin=R124-2
Added Pin To Net: NetName=NetR125_1 Pin=R125-1
Added Pin To Net: NetName=GND Pin=R125-2
Added Pin To Net: NetName=NetR126_1 Pin=R126-1
Added Pin To Net: NetName=NetFB3_1 Pin=R126-2
Added Pin To Net: NetName=NetR127_1 Pin=R127-1
Added Pin To Net: NetName=ULPI_D7 Pin=R127-2
Added Pin To Net: NetName=NetR128_1 Pin=R128-1
Added Pin To Net: NetName=ULPI_D6 Pin=R128-2
Added Pin To Net: NetName=NetR129_1 Pin=R129-1
Added Pin To Net: NetName=ULPI_D5 Pin=R129-2
Added Pin To Net: NetName=NetR130_1 Pin=R130-1
Added Pin To Net: NetName=ULPI_D4 Pin=R130-2
Added Pin To Net: NetName=NetR131_1 Pin=R131-1
Added Pin To Net: NetName=ULPI_D3 Pin=R131-2
Added Pin To Net: NetName=NetR132_1 Pin=R132-1
Added Pin To Net: NetName=ULPI_D2 Pin=R132-2
Added Pin To Net: NetName=NetR133_1 Pin=R133-1
Added Pin To Net: NetName=ULPI_D1 Pin=R133-2
Added Pin To Net: NetName=NetR134_1 Pin=R134-1
Added Pin To Net: NetName=ULPI_D0 Pin=R134-2
Added Pin To Net: NetName=NetR135_1 Pin=R135-1
Added Pin To Net: NetName=OSC_24M Pin=R135-2
Added Pin To Net: NetName=NetR136_1 Pin=R136-1
Added Pin To Net: NetName=3V3 Pin=R136-2
Added Pin To Net: NetName=3V3 Pin=R137-1
Added Pin To Net: NetName=NetR137_2 Pin=R137-2
Added Pin To Net: NetName=USB_VDDIO Pin=R138-1
Added Pin To Net: NetName=NetR137_2 Pin=R138-2
Added Pin To Net: NetName=NetR137_2 Pin=R139-1
Added Pin To Net: NetName=GND Pin=R139-2
Added Pin To Net: NetName=3V3 Pin=R140-1
Added Pin To Net: NetName=USB_VDDIO Pin=R140-2
Added Pin To Net: NetName=3V3 Pin=R141-1
Added Pin To Net: NetName=T1_G Pin=R141-2
Added Pin To Net: NetName=USB_VDDIO Pin=R142-1
Added Pin To Net: NetName=T1_D Pin=R142-2
Added Pin To Net: NetName=USB_VDDIO Pin=R143-1
Added Pin To Net: NetName=REFSEL0 Pin=R143-2
Added Pin To Net: NetName=USB_VDDIO Pin=R144-1
Added Pin To Net: NetName=REFSEL1 Pin=R144-2
Added Pin To Net: NetName=USB_VDDIO Pin=R145-1
Added Pin To Net: NetName=REFSEL2 Pin=R145-2
Added Pin To Net: NetName=REFSEL1 Pin=R146-1
Added Pin To Net: NetName=GND Pin=R146-2
Added Pin To Net: NetName=NetQ2_1 Pin=R147-1
Added Pin To Net: NetName=+1V8 Pin=R147-2
Added Pin To Net: NetName=REFSEL0 Pin=R148-1
Added Pin To Net: NetName=GND Pin=R148-2
Added Pin To Net: NetName=REFSEL2 Pin=R149-1
Added Pin To Net: NetName=GND Pin=R149-2
Added Pin To Net: NetName=GND Pin=R150-1
Added Pin To Net: NetName=NetQ2_1 Pin=R150-2
Added Pin To Net: NetName=NetC77_1 Pin=R151-1
Added Pin To Net: NetName=NetD1_1 Pin=R151-2
Added Pin To Net: NetName=GND Pin=R152-1
Added Pin To Net: NetName=NetR152_2 Pin=R152-2
Added Pin To Net: NetName=NetD1_2 Pin=R153-1
Added Pin To Net: NetName=NetC77_1 Pin=R153-2
Added Pin To Net: NetName=AUXOFF Pin=R154-1
Added Pin To Net: NetName=3V3 Pin=R154-2
Added Pin To Net: NetName=FLT# Pin=R155-1
Added Pin To Net: NetName=3V3 Pin=R155-2
Added Pin To Net: NetName=12V_CONN Pin=R156-1
Added Pin To Net: NetName=NetR156_2 Pin=R156-2
Added Pin To Net: NetName=FLT# Pin=R157-1
Added Pin To Net: NetName=NetR157_2 Pin=R157-2
Added Pin To Net: NetName=NetR156_2 Pin=R158-1
Added Pin To Net: NetName=NetR158_2 Pin=R158-2
Added Pin To Net: NetName=NetR158_2 Pin=R159-1
Added Pin To Net: NetName=GND Pin=R159-2
Added Pin To Net: NetName=NetR95_1 Pin=R160-1
Added Pin To Net: NetName=GND Pin=R160-2
Added Pin To Net: NetName=NetDS3_1 Pin=R161-1
Added Pin To Net: NetName=12V Pin=R161-2
Added Pin To Net: NetName=NetDS4_1 Pin=R162-1
Added Pin To Net: NetName=3V3 Pin=R162-2
Added Pin To Net: NetName=3V3 Pin=R163-1
Added Pin To Net: NetName=NetR163_2 Pin=R163-2
Added Pin To Net: NetName=NetR163_2 Pin=R164-1
Added Pin To Net: NetName=GND Pin=R164-2
Added Pin To Net: NetName=NetJ8_6 Pin=R165-1
Added Pin To Net: NetName=JTMS/SWDO Pin=R165-2
Added Pin To Net: NetName=NetJ8_2 Pin=R166-1
Added Pin To Net: NetName=JTDO/SWO Pin=R166-2
Added Pin To Net: NetName=DEBUG_UART_RX Pin=R167-1
Added Pin To Net: NetName=NetJ8_7 Pin=R167-2
Added Pin To Net: NetName=NetJ8_4 Pin=R168-1
Added Pin To Net: NetName=JTCK/SWCLK Pin=R168-2
Added Pin To Net: NetName=DEBUG_UART_TX Pin=R169-1
Added Pin To Net: NetName=NetJ8_5 Pin=R169-2
Added Pin To Net: NetName=3V3 Pin=R170-1
Added Pin To Net: NetName=NetR170_2 Pin=R170-2
Added Pin To Net: NetName=3V3 Pin=R171-1
Added Pin To Net: NetName=NetR171_2 Pin=R171-2
Added Pin To Net: NetName=3V3 Pin=R172-1
Added Pin To Net: NetName=NetJ11_6 Pin=R172-2
Added Pin To Net: NetName=3V3 Pin=R173-1
Added Pin To Net: NetName=NetJ11_5 Pin=R173-2
Added Pin To Net: NetName=NetR171_2 Pin=R174-1
Added Pin To Net: NetName=COMM_I2C4_SCL Pin=R174-2
Added Pin To Net: NetName=NetR170_2 Pin=R175-1
Added Pin To Net: NetName=COMM_I2C4_SDA Pin=R175-2
Added Pin To Net: NetName=NetR176_1 Pin=R176-1
Added Pin To Net: NetName=COMM_I2C4_EN Pin=R176-2
Added Pin To Net: NetName=NetR176_1 Pin=R177-1
Added Pin To Net: NetName=GND Pin=R177-2
Added Pin To Net: NetName=NetD1_2 Pin=R178-1
Added Pin To Net: NetName=CAN0_L Pin=R178-2
Added Pin To Net: NetName=NetD1_1 Pin=R179-1
Added Pin To Net: NetName=CAN0_H Pin=R179-2
Added Pin To Net: NetName=NetR180_1 Pin=R180-1
Added Pin To Net: NetName=NetJ9_05 Pin=R180-2
Added Pin To Net: NetName=NetJ9_06 Pin=R181-1
Added Pin To Net: NetName=NetR181_2 Pin=R181-2
Added Pin To Net: NetName=NetJ9_08 Pin=R182-1
Added Pin To Net: NetName=NetR182_2 Pin=R182-2
Added Pin To Net: NetName=NetR183_1 Pin=R183-1
Added Pin To Net: NetName=NetJ9_09 Pin=R183-2
Added Pin To Net: NetName=NetJ9_10 Pin=R184-1
Added Pin To Net: NetName=NetR184_2 Pin=R184-2
Added Pin To Net: NetName=NetR185_1 Pin=R185-1
Added Pin To Net: NetName=NetJ9_11 Pin=R185-2
Added Pin To Net: NetName=NetJ9_12 Pin=R186-1
Added Pin To Net: NetName=NetR186_2 Pin=R186-2
Added Pin To Net: NetName=NetR187_1 Pin=R187-1
Added Pin To Net: NetName=NetJ9_13 Pin=R187-2
Added Pin To Net: NetName=NetJ9_14 Pin=R188-1
Added Pin To Net: NetName=NetR188_2 Pin=R188-2
Added Pin To Net: NetName=NetR189_1 Pin=R189-1
Added Pin To Net: NetName=NetJ9_15 Pin=R189-2
Added Pin To Net: NetName=NetR190_1 Pin=R190-1
Added Pin To Net: NetName=NetJ9_19 Pin=R190-2
Added Pin To Net: NetName=NetR191_1 Pin=R191-1
Added Pin To Net: NetName=NetJ9_21 Pin=R191-2
Added Pin To Net: NetName=NetR192_1 Pin=R192-1
Added Pin To Net: NetName=NetJ9_23 Pin=R192-2
Added Pin To Net: NetName=I2C0_SDA Pin=R193-1
Added Pin To Net: NetName=NetJ11_6 Pin=R193-2
Added Pin To Net: NetName=NetR194_1 Pin=R194-1
Added Pin To Net: NetName=NetJ9_39 Pin=R194-2
Added Pin To Net: NetName=I2C0_SCL Pin=R195-1
Added Pin To Net: NetName=NetJ11_5 Pin=R195-2
Added Pin To Net: NetName=NetJ11_6 Pin=R196-1
Added Pin To Net: NetName=I2C1_SDA Pin=R196-2
Added Pin To Net: NetName=I2C2_SDA Pin=R197-1
Added Pin To Net: NetName=NetJ11_6 Pin=R197-2
Added Pin To Net: NetName=NetJ11_5 Pin=R198-1
Added Pin To Net: NetName=I2C1_SCL Pin=R198-2
Added Pin To Net: NetName=I2C2_SCL Pin=R199-1
Added Pin To Net: NetName=NetJ11_5 Pin=R199-2
Added Pin To Net: NetName=NetR200_1 Pin=R200-1
Added Pin To Net: NetName=3V3 Pin=R200-2
Added Pin To Net: NetName=NetR201_1 Pin=R201-1
Added Pin To Net: NetName=3V3 Pin=R201-2
Added Pin To Net: NetName=NetR202_1 Pin=R202-1
Added Pin To Net: NetName=3V3 Pin=R202-2
Added Pin To Net: NetName=FRAM_CS Pin=R203-1
Added Pin To Net: NetName=NetR200_1 Pin=R203-2
Added Pin To Net: NetName=FRAM_SPI6_SCK Pin=R204-1
Added Pin To Net: NetName=NetR204_2 Pin=R204-2
Added Pin To Net: NetName=FRAM_SPI6_MOSI Pin=R205-1
Added Pin To Net: NetName=NetR205_2 Pin=R205-2
Added Pin To Net: NetName=FRAM_SPI6_MISO Pin=R206-1
Added Pin To Net: NetName=NetR206_2 Pin=R206-2
Added Pin To Net: NetName=NetR207_1 Pin=R207-1
Added Pin To Net: NetName=RESET# Pin=R207-2
Added Pin To Net: NetName=NetR208_1 Pin=R208-1
Added Pin To Net: NetName=NetR208_2 Pin=R208-2
Added Pin To Net: NetName=NetR209_1 Pin=R209-1
Added Pin To Net: NetName=WAKEUP Pin=R209-2
Added Pin To Net: NetName=NetR210_1 Pin=R210-1
Added Pin To Net: NetName=WD_DONE Pin=R210-2
Added Pin To Net: NetName=GND Pin=R211-1
Added Pin To Net: NetName=NetR208_1 Pin=R211-2
Added Pin To Net: NetName=GND Pin=R212-1
Added Pin To Net: NetName=NetR208_2 Pin=R212-2
Add Pin To Net: Unknown Pin: Pin SB1-1
Add Pin To Net: Unknown Pin: Pin SB1-2
Add Pin To Net: Unknown Pin: Pin SB2-1
Add Pin To Net: Unknown Pin: Pin SB2-2
Add Pin To Net: Unknown Pin: Pin SB3-1
Add Pin To Net: Unknown Pin: Pin SB3-2
Add Pin To Net: Unknown Pin: Pin SB4-1
Add Pin To Net: Unknown Pin: Pin SB4-2
Add Pin To Net: Unknown Pin: Pin SB5-1
Add Pin To Net: Unknown Pin: Pin SB5-2
Add Pin To Net: Unknown Pin: Pin SB6-1
Add Pin To Net: Unknown Pin: Pin SB6-2
Add Pin To Net: Unknown Pin: Pin SB7-1
Add Pin To Net: Unknown Pin: Pin SB7-2
Add Pin To Net: Unknown Pin: Pin SB8-1
Add Pin To Net: Unknown Pin: Pin SB8-2
Add Pin To Net: Unknown Pin: Pin SB9-1
Add Pin To Net: Unknown Pin: Pin SB9-2
Add Pin To Net: Unknown Pin: Pin SB10-1
Add Pin To Net: Unknown Pin: Pin SB10-2
Add Pin To Net: Unknown Pin: Pin SB11-2
Add Pin To Net: Unknown Pin: Pin SB12-2
Add Pin To Net: Unknown Pin: Pin SB13-2
Add Pin To Net: Unknown Pin: Pin SB14-1
Add Pin To Net: Unknown Pin: Pin SB14-2
Add Pin To Net: Unknown Pin: Pin SB15-1
Add Pin To Net: Unknown Pin: Pin SB15-2
Add Pin To Net: Unknown Pin: Pin SB16-1
Add Pin To Net: Unknown Pin: Pin SB16-2
Add Pin To Net: Unknown Pin: Pin SB17-1
Add Pin To Net: Unknown Pin: Pin SB17-2
Add Pin To Net: Unknown Pin: Pin SB18-1
Add Pin To Net: Unknown Pin: Pin SB18-2
Add Pin To Net: Unknown Pin: Pin SB19-1
Add Pin To Net: Unknown Pin: Pin SB19-2
Add Pin To Net: Unknown Pin: Pin SB20-1
Add Pin To Net: Unknown Pin: Pin SB20-2
Added Pin To Net: NetName=NetR22_2 Pin=TP1-1
Added Pin To Net: NetName=GND Pin=TP2-1
Added Pin To Net: NetName=GND Pin=TP3-1
Added Pin To Net: NetName=NetC38_2 Pin=TP4-1
Added Pin To Net: NetName=1V8 Pin=TP5-1
Added Pin To Net: NetName=USB_HS_P Pin=TVS1-A1
Added Pin To Net: NetName=USB_HS_N Pin=TVS1-A2
Added Pin To Net: NetName=GND Pin=TVS1-B1
Added Pin To Net: NetName=GND Pin=TVS1-B2
Added Pin To Net: NetName=NetR9_2 Pin=U1-A3
Added Pin To Net: NetName=NetR10_2 Pin=U1-A4
Added Pin To Net: NetName=NetR11_2 Pin=U1-A5
Added Pin To Net: NetName=GND Pin=U1-A6
Added Pin To Net: NetName=NetR12_2 Pin=U1-B2
Added Pin To Net: NetName=NetR13_2 Pin=U1-B3
Added Pin To Net: NetName=NetR14_2 Pin=U1-B4
Added Pin To Net: NetName=NetR15_2 Pin=U1-B5
Added Pin To Net: NetName=NetR16_2 Pin=U1-B6
Added Pin To Net: NetName=NetC5_2 Pin=U1-C2
Added Pin To Net: NetName=GND Pin=U1-C4
Added Pin To Net: NetName=3V3 Pin=U1-C6
Added Pin To Net: NetName=3V3 Pin=U1-E6
Added Pin To Net: NetName=GND Pin=U1-E7
Added Pin To Net: NetName=3V3 Pin=U1-F5
Added Pin To Net: NetName=GND Pin=U1-G5
Added Pin To Net: NetName=NetR22_2 Pin=U1-H5
Added Pin To Net: NetName=GND Pin=U1-H10
Added Pin To Net: NetName=GND Pin=U1-J5
Added Pin To Net: NetName=3V3 Pin=U1-J10
Added Pin To Net: NetName=eMMC_RSTn Pin=U1-K5
Added Pin To Net: NetName=GND Pin=U1-K8
Added Pin To Net: NetName=3V3 Pin=U1-K9
Added Pin To Net: NetName=3V3 Pin=U1-M4
Added Pin To Net: NetName=NetR21_2 Pin=U1-M5
Added Pin To Net: NetName=NetR20_2 Pin=U1-M6
Added Pin To Net: NetName=GND Pin=U1-N2
Added Pin To Net: NetName=3V3 Pin=U1-N4
Added Pin To Net: NetName=GND Pin=U1-N5
Added Pin To Net: NetName=3V3 Pin=U1-P3
Added Pin To Net: NetName=GND Pin=U1-P4
Added Pin To Net: NetName=3V3 Pin=U1-P5
Added Pin To Net: NetName=GND Pin=U1-P6
Added Pin To Net: NetName=NetR23_2 Pin=U2-1
Added Pin To Net: NetName=3V3 Pin=U2-2
Added Pin To Net: NetName=NetR28_2 Pin=U2-4
Added Pin To Net: NetName=NetR30_2 Pin=U2-5
Added Pin To Net: NetName=NetSB3_2 Pin=U2-6
Added Pin To Net: NetName=QSPI_BK1_NCS Pin=U2-7
Added Pin To Net: NetName=NetR34_2 Pin=U2-8
Added Pin To Net: NetName=NetR31_1 Pin=U2-9
Added Pin To Net: NetName=GND Pin=U2-10
Added Pin To Net: NetName=NetR29_1 Pin=U2-12
Added Pin To Net: NetName=NetSB2_1 Pin=U2-13
Added Pin To Net: NetName=NetR27_1 Pin=U2-14
Added Pin To Net: NetName=NetR25_1 Pin=U2-15
Added Pin To Net: NetName=QSPI_CLK Pin=U2-16
Added Pin To Net: NetName=NetR24_2 Pin=U3-1
Added Pin To Net: NetName=3V3 Pin=U3-2
Added Pin To Net: NetName=QSPI_BK1_NCS Pin=U3-7
Added Pin To Net: NetName=NetR32_2 Pin=U3-8
Added Pin To Net: NetName=NetR33_1 Pin=U3-9
Added Pin To Net: NetName=GND Pin=U3-10
Added Pin To Net: NetName=NetR26_1 Pin=U3-15
Added Pin To Net: NetName=NetSB1_1 Pin=U3-16
Added Pin To Net: NetName=GND Pin=U4-A3
Added Pin To Net: NetName=3V3 Pin=U4-A7
Added Pin To Net: NetName=3V3 Pin=U4-B2
Added Pin To Net: NetName=GND Pin=U4-B3
Added Pin To Net: NetName=3V3 Pin=U4-B7
Added Pin To Net: NetName=GND Pin=U4-B8
Added Pin To Net: NetName=GND Pin=U4-C1
Added Pin To Net: NetName=3V3 Pin=U4-C9
Added Pin To Net: NetName=GND Pin=U4-D1
Added Pin To Net: NetName=3V3 Pin=U4-D9
Added Pin To Net: NetName=3V3 Pin=U4-E1
Added Pin To Net: NetName=GND Pin=U4-E9
Added Pin To Net: NetName=GND Pin=U4-F1
Added Pin To Net: NetName=SDRAM_NBL3 Pin=U4-F2
Added Pin To Net: NetName=SDRAM_A3 Pin=U4-F3
Added Pin To Net: NetName=SDRAM_A2 Pin=U4-F7
Added Pin To Net: NetName=SDRAM_NBL2 Pin=U4-F8
Added Pin To Net: NetName=3V3 Pin=U4-F9
Added Pin To Net: NetName=SDRAM_A4 Pin=U4-G1
Added Pin To Net: NetName=SDRAM_A5 Pin=U4-G2
Added Pin To Net: NetName=SDRAM_A6 Pin=U4-G3
Added Pin To Net: NetName=SDRAM_A10 Pin=U4-G7
Added Pin To Net: NetName=SDRAM_A0 Pin=U4-G8
Added Pin To Net: NetName=SDRAM_A1 Pin=U4-G9
Added Pin To Net: NetName=SDRAM_A7 Pin=U4-H1
Added Pin To Net: NetName=SDRAM_A8 Pin=U4-H2
Added Pin To Net: NetName=SDRAM_BA1 Pin=U4-H8
Added Pin To Net: NetName=SDRAM_A11 Pin=U4-H9
Added Pin To Net: NetName=SDRAM_SDCLK Pin=U4-J1
Added Pin To Net: NetName=SDRAM_SDCKE1 Pin=U4-J2
Added Pin To Net: NetName=SDRAM_A9 Pin=U4-J3
Added Pin To Net: NetName=SDRAM_BA0 Pin=U4-J7
Added Pin To Net: NetName=SDRAM_SDNE1 Pin=U4-J8
Added Pin To Net: NetName=SDRAM_SDNRAS Pin=U4-J9
Added Pin To Net: NetName=SDRAM_NBL1 Pin=U4-K1
Added Pin To Net: NetName=SDRAM_SDNCAS Pin=U4-K7
Added Pin To Net: NetName=SDRAM_SDNWE Pin=U4-K8
Added Pin To Net: NetName=SDRAM_NBL0 Pin=U4-K9
Added Pin To Net: NetName=3V3 Pin=U4-L1
Added Pin To Net: NetName=GND Pin=U4-L3
Added Pin To Net: NetName=3V3 Pin=U4-L7
Added Pin To Net: NetName=GND Pin=U4-L9
Added Pin To Net: NetName=GND Pin=U4-M1
Added Pin To Net: NetName=3V3 Pin=U4-M9
Added Pin To Net: NetName=GND Pin=U4-N1
Added Pin To Net: NetName=3V3 Pin=U4-N9
Added Pin To Net: NetName=3V3 Pin=U4-P2
Added Pin To Net: NetName=GND Pin=U4-P3
Added Pin To Net: NetName=3V3 Pin=U4-P7
Added Pin To Net: NetName=GND Pin=U4-P8
Added Pin To Net: NetName=GND Pin=U4-R3
Added Pin To Net: NetName=3V3 Pin=U4-R7
Added Pin To Net: NetName=GND Pin=U5-A1
Added Pin To Net: NetName=NetR50_1 Pin=U5-A2
Added Pin To Net: NetName=NetR48_1 Pin=U5-A3
Added Pin To Net: NetName=NetR46_1 Pin=U5-A4
Added Pin To Net: NetName=ULPI_D7 Pin=U5-A5
Added Pin To Net: NetName=NetSB14_2 Pin=U5-A6
Added Pin To Net: NetName=NetSB8_2 Pin=U5-A7
Added Pin To Net: NetName=LED2 Pin=U5-A9
Added Pin To Net: NetName=NetR55_2 Pin=U5-A10
Added Pin To Net: NetName=SDIO1_D2 Pin=U5-A13
Added Pin To Net: NetName=JTDI Pin=U5-A14
Added Pin To Net: NetName=NetR42_1 Pin=U5-A15
Added Pin To Net: NetName=NetR39_1 Pin=U5-A16
Added Pin To Net: NetName=GND Pin=U5-A17
Added Pin To Net: NetName=NetSB18_2 Pin=U5-B1
Added Pin To Net: NetName=GND Pin=U5-B2
Added Pin To Net: NetName=NetR51_1 Pin=U5-B3
Added Pin To Net: NetName=NetR65_1 Pin=U5-B4
Added Pin To Net: NetName=GND-SD Pin=U5-B6
Added Pin To Net: NetName=K_IN Pin=U5-B10
Added Pin To Net: NetName=SDIO1_D3 Pin=U5-B13
Added Pin To Net: NetName=JTCK/SWCLK Pin=U5-B14
Added Pin To Net: NetName=NetR43_1 Pin=U5-B15
Added Pin To Net: NetName=NetR87_1 Pin=U5-B16
Added Pin To Net: NetName=NetR85_1 Pin=U5-B17
Added Pin To Net: NetName=NetR107_1 Pin=U5-C1
Added Pin To Net: NetName=NetR106_1 Pin=U5-C2
Added Pin To Net: NetName=LVDS_SPI_SCK Pin=U5-C3
Added Pin To Net: NetName=NetR64_1 Pin=U5-C4
Added Pin To Net: NetName=JTDO/SWO Pin=U5-C6
Added Pin To Net: NetName=GND Pin=U5-C10
Added Pin To Net: NetName=SDIO1_CK Pin=U5-C12
Added Pin To Net: NetName=GND Pin=U5-C13
Added Pin To Net: NetName=NetR44_1 Pin=U5-C14
Added Pin To Net: NetName=JTMS/SWDO Pin=U5-C15
Added Pin To Net: NetName=GND-SD Pin=U5-C16
Added Pin To Net: NetName=NetSB14_2 Pin=U5-C17
Added Pin To Net: NetName=LED1 Pin=U5-D2
Added Pin To Net: NetName=COMM_I2C4_EN Pin=U5-D3
Added Pin To Net: NetName=SDIO1_D5 Pin=U5-D4
Added Pin To Net: NetName=SDIO1_D4 Pin=U5-D5
Added Pin To Net: NetName=NetR63_2 Pin=U5-D6
Added Pin To Net: NetName=NetR61_2 Pin=U5-D8
Added Pin To Net: NetName=FRAM_SPI6_SCK Pin=U5-D9
Added Pin To Net: NetName=FPGA_STATUS4 Pin=U5-D10
Added Pin To Net: NetName=FPGA_STATUS2 Pin=U5-D11
Added Pin To Net: NetName=SDIO1_CMD Pin=U5-D12
Added Pin To Net: NetName=NetR37_1 Pin=U5-D13
Added Pin To Net: NetName=USB_HS_P Pin=U5-D15
Added Pin To Net: NetName=NetR83_1 Pin=U5-D16
Added Pin To Net: NetName=NetSB8_2 Pin=U5-D17
Added Pin To Net: NetName=NetC29_1 Pin=U5-E1
Added Pin To Net: NetName=NetR56_1 Pin=U5-E2
Added Pin To Net: NetName=WAKEUP Pin=U5-E3
Added Pin To Net: NetName=LVDS_SPI_MOSI Pin=U5-E5
Added Pin To Net: NetName=VDD_MCU Pin=U5-E6
Added Pin To Net: NetName=NetR111_2 Pin=U5-E7
Added Pin To Net: NetName=BOOT0 Pin=U5-E8
Added Pin To Net: NetName=VDD_MCU Pin=U5-E9
Added Pin To Net: NetName=FPGA_STATUS3 Pin=U5-E10
Added Pin To Net: NetName=VDD_MCU Pin=U5-E11
Added Pin To Net: NetName=NetR40_1 Pin=U5-E12
Added Pin To Net: NetName=SDIO1_D0 Pin=U5-E13
Added Pin To Net: NetName=SDIO1_D1 Pin=U5-E14
Added Pin To Net: NetName=FPGA_RefC Pin=U5-E15
Added Pin To Net: NetName=CAN_RX Pin=U5-E16
Added Pin To Net: NetName=CAN_TX Pin=U5-E17
Added Pin To Net: NetName=NetC28_1 Pin=U5-F1
Added Pin To Net: NetName=GND-SD Pin=U5-F2
Added Pin To Net: NetName=NetR58_1 Pin=U5-F3
Added Pin To Net: NetName=VDD_MCU Pin=U5-F5
Added Pin To Net: NetName=SDIO1_D7 Pin=U5-F13
Added Pin To Net: NetName=SDIO1_D6 Pin=U5-F14
Added Pin To Net: NetName=NetR53_2 Pin=U5-F15
Added Pin To Net: NetName=NetC37_2 Pin=U5-F17
Added Pin To Net: NetName=NetR90_1 Pin=U5-G1
Added Pin To Net: NetName=VDD_SDC Pin=U5-G2
Added Pin To Net: NetName=NetR89_1 Pin=U5-G3
Added Pin To Net: NetName=NetR88_1 Pin=U5-G4
Added Pin To Net: NetName=VDD_MCU Pin=U5-G5
Added Pin To Net: NetName=GND Pin=U5-G7
Added Pin To Net: NetName=GND Pin=U5-G8
Added Pin To Net: NetName=GND Pin=U5-G9
Added Pin To Net: NetName=GND Pin=U5-G10
Added Pin To Net: NetName=GND Pin=U5-G11
Added Pin To Net: NetName=VDD_MCU Pin=U5-G13
Added Pin To Net: NetName=NetR47_2 Pin=U5-G14
Added Pin To Net: NetName=NetR49_2 Pin=U5-G15
Added Pin To Net: NetName=GND Pin=U5-G16
Added Pin To Net: NetName=NetC37_2 Pin=U5-G17
Added Pin To Net: NetName=NetR91_1 Pin=U5-H4
Added Pin To Net: NetName=VDD_MCU Pin=U5-H5
Added Pin To Net: NetName=GND Pin=U5-H7
Added Pin To Net: NetName=GND Pin=U5-H8
Added Pin To Net: NetName=GND Pin=U5-H9
Added Pin To Net: NetName=GND Pin=U5-H10
Added Pin To Net: NetName=GND Pin=U5-H11
Added Pin To Net: NetName=VDD_MCU Pin=U5-H13
Added Pin To Net: NetName=NetR45_2 Pin=U5-H14
Added Pin To Net: NetName=NetU5_H15 Pin=U5-H15
Added Pin To Net: NetName=NetR97_1 Pin=U5-J2
Added Pin To Net: NetName=GND Pin=U5-J3
Added Pin To Net: NetName=NetR93_1 Pin=U5-J4
Added Pin To Net: NetName=NetR92_1 Pin=U5-J5
Added Pin To Net: NetName=GND Pin=U5-J7
Added Pin To Net: NetName=GND Pin=U5-J8
Added Pin To Net: NetName=GND Pin=U5-J9
Added Pin To Net: NetName=GND Pin=U5-J10
Added Pin To Net: NetName=GND Pin=U5-J11
Added Pin To Net: NetName=VDD_MCU Pin=U5-J13
Added Pin To Net: NetName=GND Pin=U5-J16
Added Pin To Net: NetName=GND Pin=U5-J17
Added Pin To Net: NetName=RESET# Pin=U5-K1
Added Pin To Net: NetName=NetR94_1 Pin=U5-K2
Added Pin To Net: NetName=NetR96_1 Pin=U5-K3
Added Pin To Net: NetName=NetC23_2 Pin=U5-K4
Added Pin To Net: NetName=VDD_MCU Pin=U5-K5
Added Pin To Net: NetName=GND Pin=U5-K7
Added Pin To Net: NetName=GND Pin=U5-K8
Added Pin To Net: NetName=GND Pin=U5-K9
Added Pin To Net: NetName=GND Pin=U5-K10
Added Pin To Net: NetName=GND Pin=U5-K11
Added Pin To Net: NetName=VDD_MCU Pin=U5-K13
Added Pin To Net: NetName=FPGA_STATUS1 Pin=U5-K14
Added Pin To Net: NetName=GND Pin=U5-K15
Added Pin To Net: NetName=VDDA Pin=U5-L1
Added Pin To Net: NetName=ULPI_STP Pin=U5-L2
Added Pin To Net: NetName=NetR99_1 Pin=U5-L3
Added Pin To Net: NetName=NetR98_1 Pin=U5-L4
Added Pin To Net: NetName=VDD_MCU Pin=U5-L5
Added Pin To Net: NetName=GND Pin=U5-L7
Added Pin To Net: NetName=GND Pin=U5-L8
Added Pin To Net: NetName=GND Pin=U5-L9
Added Pin To Net: NetName=GND Pin=U5-L10
Added Pin To Net: NetName=GND Pin=U5-L11
Added Pin To Net: NetName=VDD_MCU Pin=U5-L13
Added Pin To Net: NetName=FPGA_STATUS0 Pin=U5-L14
Added Pin To Net: NetName=GND Pin=U5-L15
Added Pin To Net: NetName=3V3 Pin=U5-M1
Added Pin To Net: NetName=ULPI_DIR Pin=U5-M3
Added Pin To Net: NetName=ULPI_NXT Pin=U5-M4
Added Pin To Net: NetName=VDD_MCU Pin=U5-M5
Added Pin To Net: NetName=VDD_MCU Pin=U5-M13
Added Pin To Net: NetName=FPGA_D9 Pin=U5-M14
Added Pin To Net: NetName=GND Pin=U5-M15
Added Pin To Net: NetName=GND Pin=U5-N1
Added Pin To Net: NetName=NetR66_2 Pin=U5-N2
Added Pin To Net: NetName=FPGA_TxC Pin=U5-N3
Added Pin To Net: NetName=DEBUG_UART_RX Pin=U5-N4
Added Pin To Net: NetName=DEBUG_UART_TX Pin=U5-N5
Added Pin To Net: NetName=FPGA_D0 Pin=U5-N6
Added Pin To Net: NetName=VDD_MCU Pin=U5-N7
Added Pin To Net: NetName=VDD_MCU Pin=U5-N8
Added Pin To Net: NetName=NetR76_1 Pin=U5-N9
Added Pin To Net: NetName=VDD_MCU Pin=U5-N10
Added Pin To Net: NetName=VDD_MCU Pin=U5-N11
Added Pin To Net: NetName=VDD_MCU Pin=U5-N12
Added Pin To Net: NetName=FPGA_D8 Pin=U5-N13
Added Pin To Net: NetName=FPGA_D7 Pin=U5-N14
Added Pin To Net: NetName=FPGA_D6 Pin=U5-N15
Added Pin To Net: NetName=GND Pin=U5-N16
Added Pin To Net: NetName=NetC38_2 Pin=U5-N17
Added Pin To Net: NetName=GND Pin=U5-P1
Added Pin To Net: NetName=NetR67_2 Pin=U5-P2
Added Pin To Net: NetName=NetR68_2 Pin=U5-P4
Added Pin To Net: NetName=FPGA_D1 Pin=U5-P6
Added Pin To Net: NetName=NetR102_1 Pin=U5-P7
Added Pin To Net: NetName=NetR103_1 Pin=U5-P8
Added Pin To Net: NetName=NetR74_1 Pin=U5-P9
Added Pin To Net: NetName=NetR78_1 Pin=U5-P10
Added Pin To Net: NetName=ULPI_D3 Pin=U5-P11
Added Pin To Net: NetName=ULPI_D4 Pin=U5-P12
Added Pin To Net: NetName=NetR77_1 Pin=U5-P13
Added Pin To Net: NetName=NetR79_1 Pin=U5-P14
Added Pin To Net: NetName=NetR62_1 Pin=U5-P15
Added Pin To Net: NetName=NetR60_1 Pin=U5-P16
Added Pin To Net: NetName=NetSB17_1 Pin=U5-P17
Added Pin To Net: NetName=FRAM_SPI6_MISO Pin=U5-R3
Added Pin To Net: NetName=GND Pin=U5-R4
Added Pin To Net: NetName=FRAM_SPI6_MOSI Pin=U5-R5
Added Pin To Net: NetName=NetR101_1 Pin=U5-R7
Added Pin To Net: NetName=GND Pin=U5-R8
Added Pin To Net: NetName=NetR104_1 Pin=U5-R9
Added Pin To Net: NetName=NetR80_1 Pin=U5-R10
Added Pin To Net: NetName=NetR86_1 Pin=U5-R11
Added Pin To Net: NetName=FPGA_D5 Pin=U5-R12
Added Pin To Net: NetName=NetR75_1 Pin=U5-R13
Added Pin To Net: NetName=NetR81_1 Pin=U5-R14
Added Pin To Net: NetName=NetR59_1 Pin=U5-R15
Added Pin To Net: NetName=COMM_I2C4_SCL Pin=U5-R16
Added Pin To Net: NetName=COMM_I2C4_SDA Pin=U5-R17
Added Pin To Net: NetName=ULPI_CK Pin=U5-T3
Added Pin To Net: NetName=FRAM_CS Pin=U5-T4
Added Pin To Net: NetName=ULPI_D2 Pin=U5-T5
Added Pin To Net: NetName=FPGA_D2 Pin=U5-T6
Added Pin To Net: NetName=NetR100_1 Pin=U5-T7
Added Pin To Net: NetName=NetR38_2 Pin=U5-T8
Added Pin To Net: NetName=NetR72_1 Pin=U5-T9
Added Pin To Net: NetName=NetR82_1 Pin=U5-T10
Added Pin To Net: NetName=NetR69_2 Pin=U5-T11
Added Pin To Net: NetName=GND-SD Pin=U5-T12
Added Pin To Net: NetName=NetR73_1 Pin=U5-T13
Added Pin To Net: NetName=ULPI_D5 Pin=U5-T14
Added Pin To Net: NetName=NetR57_1 Pin=U5-T16
Added Pin To Net: NetName=NetR54_1 Pin=U5-T17
Added Pin To Net: NetName=GND Pin=U5-U1
Added Pin To Net: NetName=ULPI_D0 Pin=U5-U2
Added Pin To Net: NetName=WD_DONE Pin=U5-U4
Added Pin To Net: NetName=ULPI_D1 Pin=U5-U5
Added Pin To Net: NetName=FPGA_D3 Pin=U5-U6
Added Pin To Net: NetName=FPGA_D4 Pin=U5-U7
Added Pin To Net: NetName=NetR41_2 Pin=U5-U8
Added Pin To Net: NetName=NetR70_1 Pin=U5-U9
Added Pin To Net: NetName=NetR84_1 Pin=U5-U10
Added Pin To Net: NetName=NetSB8_2 Pin=U5-U11
Added Pin To Net: NetName=NetSB14_2 Pin=U5-U12
Added Pin To Net: NetName=NetR71_2 Pin=U5-U13
Added Pin To Net: NetName=ULPI_D6 Pin=U5-U14
Added Pin To Net: NetName=NetR52_1 Pin=U5-U16
Added Pin To Net: NetName=GND Pin=U5-U17
Added Pin To Net: NetName=RESET# Pin=U6-1
Added Pin To Net: NetName=GND Pin=U6-2
Added Pin To Net: NetName=NetB2_3 Pin=U7-1
Added Pin To Net: NetName=GND Pin=U7-2
Added Pin To Net: NetName=NetR124_1 Pin=U8-1
Added Pin To Net: NetName=NetR121_1 Pin=U8-2
Added Pin To Net: NetName=NetR134_1 Pin=U8-3
Added Pin To Net: NetName=NetR133_1 Pin=U8-4
Added Pin To Net: NetName=NetR132_1 Pin=U8-5
Added Pin To Net: NetName=NetR131_1 Pin=U8-6
Added Pin To Net: NetName=NetR130_1 Pin=U8-7
Added Pin To Net: NetName=REFSEL0 Pin=U8-8
Added Pin To Net: NetName=NetR129_1 Pin=U8-9
Added Pin To Net: NetName=NetR128_1 Pin=U8-10
Added Pin To Net: NetName=REFSEL1 Pin=U8-11
Added Pin To Net: NetName=NetR127_1 Pin=U8-13
Added Pin To Net: NetName=REFSEL2 Pin=U8-14
Added Pin To Net: NetName=USB_HS_N Pin=U8-18
Added Pin To Net: NetName=NetR126_1 Pin=U8-19
Added Pin To Net: NetName=NetC66_2 Pin=U8-20
Added Pin To Net: NetName=3V3 Pin=U8-21
Added Pin To Net: NetName=NetR126_1 Pin=U8-22
Added Pin To Net: NetName=NetC66_2 Pin=U8-23
Added Pin To Net: NetName=NetR125_1 Pin=U8-24
Added Pin To Net: NetName=NetR135_1 Pin=U8-26
Added Pin To Net: NetName=NetR137_2 Pin=U8-27
Added Pin To Net: NetName=1V8 Pin=U8-28
Added Pin To Net: NetName=NetR123_1 Pin=U8-29
Added Pin To Net: NetName=1V8 Pin=U8-30
Added Pin To Net: NetName=NetR122_1 Pin=U8-31
Added Pin To Net: NetName=USB_VDDIO Pin=U8-32
Added Pin To Net: NetName=GND Pin=U8-33
Added Pin To Net: NetName=CAN_TX Pin=U9-1
Added Pin To Net: NetName=GND Pin=U9-2
Added Pin To Net: NetName=3.3V Pin=U9-3
Added Pin To Net: NetName=CAN_RX Pin=U9-4
Added Pin To Net: NetName=NetC77_1 Pin=U9-5
Added Pin To Net: NetName=NetD1_2 Pin=U9-6
Added Pin To Net: NetName=NetD1_1 Pin=U9-7
Added Pin To Net: NetName=NetR152_2 Pin=U9-8
Added Pin To Net: NetName=3V3 Pin=U10-1
Added Pin To Net: NetName=GND Pin=U10-2
Added Pin To Net: NetName=LVDS_TxD_N Pin=U10-3
Added Pin To Net: NetName=LVDS_TxD_P Pin=U10-4
Added Pin To Net: NetName=LVDS_SPI_MOSI Pin=U10-5
Added Pin To Net: NetName=3V3 Pin=U11-1
Added Pin To Net: NetName=GND Pin=U11-2
Added Pin To Net: NetName=LVDS_TxC_N Pin=U11-3
Added Pin To Net: NetName=LVDS_TxC_P Pin=U11-4
Added Pin To Net: NetName=LVDS_SPI_SCK Pin=U11-5
Add Pin To Net: Unknown Pin: Pin U12-1
Add Pin To Net: Unknown Pin: Pin U12-2
Add Pin To Net: Unknown Pin: Pin U12-3
Add Pin To Net: Unknown Pin: Pin U12-4
Add Pin To Net: Unknown Pin: Pin U12-5
Add Pin To Net: Unknown Pin: Pin U12-6
Add Pin To Net: Unknown Pin: Pin U12-7
Add Pin To Net: Unknown Pin: Pin U12-8
Add Pin To Net: Unknown Pin: Pin U12-9
Add Pin To Net: Unknown Pin: Pin U12-10
Add Pin To Net: Unknown Pin: Pin U12-11
Add Pin To Net: Unknown Pin: Pin U12-12
Add Pin To Net: Unknown Pin: Pin U12-13
Add Pin To Net: Unknown Pin: Pin U12-14
Add Pin To Net: Unknown Pin: Pin U12-15
Add Pin To Net: Unknown Pin: Pin U12-16
Add Pin To Net: Unknown Pin: Pin U12-17
Add Pin To Net: Unknown Pin: Pin U12-18
Add Pin To Net: Unknown Pin: Pin U12-19
Add Pin To Net: Unknown Pin: Pin U12-20
Add Pin To Net: Unknown Pin: Pin U12-21
Add Pin To Net: Unknown Pin: Pin U12-22
Added Pin To Net: NetName=NetR156_2 Pin=U13-1
Added Pin To Net: NetName=NetR158_2 Pin=U13-2
Added Pin To Net: NetName=AUXOFF Pin=U13-3
Added Pin To Net: NetName=FLT# Pin=U13-4
Added Pin To Net: NetName=12V_CONN Pin=U13-5
Added Pin To Net: NetName=12V Pin=U13-6
Added Pin To Net: NetName=NetC86_2 Pin=U13-7
Added Pin To Net: NetName=GND Pin=U13-8
Added Pin To Net: NetName=NetR95_1 Pin=U13-9
Added Pin To Net: NetName=NetC84_2 Pin=U13-10
Added Pin To Net: NetName=NetC87_2 Pin=U14-1
Added Pin To Net: NetName=NetR163_2 Pin=U14-4
Added Pin To Net: NetName=GND Pin=U14-6
Added Pin To Net: NetName=12V Pin=U14-7
Added Pin To Net: NetName=NetC87_1 Pin=U14-8
Added Pin To Net: NetName=GND Pin=U14-9
Added Pin To Net: NetName=GND Pin=U15-1
Added Pin To Net: NetName=1V8 Pin=U15-2
Added Pin To Net: NetName=3V3 Pin=U15-3
Added Pin To Net: NetName=3V3 Pin=U16-1
Added Pin To Net: NetName=NetR171_2 Pin=U16-2
Added Pin To Net: NetName=NetR170_2 Pin=U16-3
Added Pin To Net: NetName=GND Pin=U16-4
Added Pin To Net: NetName=NetR176_1 Pin=U16-5
Added Pin To Net: NetName=NetJ11_6 Pin=U16-6
Added Pin To Net: NetName=NetJ11_5 Pin=U16-7
Added Pin To Net: NetName=3V3 Pin=U16-8
Added Pin To Net: NetName=NetR200_1 Pin=U17-1
Added Pin To Net: NetName=NetR206_2 Pin=U17-2
Added Pin To Net: NetName=NetR202_1 Pin=U17-3
Added Pin To Net: NetName=GND Pin=U17-4
Added Pin To Net: NetName=NetR205_2 Pin=U17-5
Added Pin To Net: NetName=NetR204_2 Pin=U17-6
Added Pin To Net: NetName=NetR201_1 Pin=U17-7
Added Pin To Net: NetName=3V3 Pin=U17-8
Added Pin To Net: NetName=3V3 Pin=U18-1
Added Pin To Net: NetName=GND Pin=U18-2
Added Pin To Net: NetName=NetR208_2 Pin=U18-3
Added Pin To Net: NetName=NetR210_1 Pin=U18-4
Added Pin To Net: NetName=NetR209_1 Pin=U18-5
Added Pin To Net: NetName=NetR207_1 Pin=U18-6
Added Pin To Net: NetName=NetC24_2 Pin=X1-1
Added Pin To Net: NetName=NetC25_2 Pin=X1-2
Added Pin To Net: NetName=NetR112_1 Pin=X2-1
Added Pin To Net: NetName=GND Pin=X2-2
Added Pin To Net: NetName=OSC_25M Pin=X2-3
Added Pin To Net: NetName=3V3 Pin=X2-4
Added Pin To Net: NetName=NetR136_1 Pin=X3-1
Added Pin To Net: NetName=GND Pin=X3-2
Added Pin To Net: NetName=3V3 Pin=X3-3
Added Pin To Net: NetName=OSC_24M Pin=X3-4
Added Pin To Net: NetName=NetC34_1 Pin=C34-1
Added Net: Name=NetC34_1
Added Pin To Net: NetName=NetC35_1 Pin=C35-1
Added Net: Name=NetC35_1
Added Pin To Net: NetName=NetC36_1 Pin=C36-1
Added Net: Name=NetC36_1
Add Net: Net with name "SDRAM_D0" already exists
Add Net: Net with name "SDRAM_D1" already exists
Add Net: Net with name "SDRAM_D2" already exists
Add Net: Net with name "SDRAM_D3" already exists
Add Net: Net with name "SDRAM_D4" already exists
Add Net: Net with name "SDRAM_D5" already exists
Add Net: Net with name "SDRAM_D6" already exists
Add Net: Net with name "SDRAM_D7" already exists
Add Net: Net with name "SDRAM_D8" already exists
Add Net: Net with name "SDRAM_D9" already exists
Add Net: Net with name "SDRAM_D10" already exists
Add Net: Net with name "SDRAM_D11" already exists
Add Net: Net with name "SDRAM_D12" already exists
Add Net: Net with name "SDRAM_D13" already exists
Add Net: Net with name "SDRAM_D14" already exists
Add Net: Net with name "SDRAM_D15" already exists
Add Net: Net with name "SDRAM_D16" already exists
Add Net: Net with name "SDRAM_D17" already exists
Add Net: Net with name "SDRAM_D18" already exists
Add Net: Net with name "SDRAM_D19" already exists
Add Net: Net with name "SDRAM_D20" already exists
Add Net: Net with name "SDRAM_D21" already exists
Add Net: Net with name "SDRAM_D22" already exists
Add Net: Net with name "SDRAM_D23" already exists
Add Net: Net with name "SDRAM_D24" already exists
Add Net: Net with name "SDRAM_D25" already exists
Add Net: Net with name "SDRAM_D26" already exists
Add Net: Net with name "SDRAM_D27" already exists
Add Net: Net with name "SDRAM_D28" already exists
Add Net: Net with name "SDRAM_D29" already exists
Add Net: Net with name "SDRAM_D30" already exists
Add Net: Net with name "SDRAM_D31" already exists
Added Member To Class: ClassName=MCU Member=Component B1 4-1437565-1
Added Member To Class: ClassName=MCU Member=Component B2 4-1437565-1
Added Member To Class: ClassName=eMMC Member=Component C1 100nF/16V
Added Member To Class: ClassName=eMMC Member=Component C2 2.2uF/10V
Added Member To Class: ClassName=eMMC Member=Component C3 100nF/16V
Added Member To Class: ClassName=eMMC Member=Component C4 2.2uF/10V
Added Member To Class: ClassName=eMMC Member=Component C5 100nF/16V
Added Member To Class: ClassName=eMMC Member=Component C6 2.2uF/10V
Added Member To Class: ClassName=QSPI Member=Component C7 100nF/16V
Added Member To Class: ClassName=QSPI Member=Component C8 100nF/16V
Added Member To Class: ClassName=SDRAM Member=Component C9 100nF/16V
Added Member To Class: ClassName=SDRAM Member=Component C10 100nF/16V
Added Member To Class: ClassName=SDRAM Member=Component C11 100nF/16V
Added Member To Class: ClassName=SDRAM Member=Component C12 100nF/16V
Added Member To Class: ClassName=SDRAM Member=Component C13 100nF/16V
Added Member To Class: ClassName=SDRAM Member=Component C14 100nF/16V
Added Member To Class: ClassName=SDRAM Member=Component C15 100nF/16V
Added Member To Class: ClassName=SDRAM Member=Component C16 100nF/16V
Added Member To Class: ClassName=SDRAM Member=Component C17 100nF/16V
Added Member To Class: ClassName=SDRAM Member=Component C18 100nF/16V
Added Member To Class: ClassName=SDRAM Member=Component C19 100nF/16V
Added Member To Class: ClassName=SDRAM Member=Component C20 100nF/16V
Added Member To Class: ClassName=SDRAM Member=Component C21 100nF/16V
Added Member To Class: ClassName=SDRAM Member=Component C22 100nF/16V
Added Member To Class: ClassName=MCU Member=Component C23 10nF/16V
Added Member To Class: ClassName=MCU Member=Component C24 1.5pF/50V
Added Member To Class: ClassName=MCU Member=Component C25 1.5pF/50V
Added Member To Class: ClassName=MCU Member=Component C26 100nF/16V
Added Member To Class: ClassName=MCU Member=Component C27 1.5pF/50V
Added Member To Class: ClassName=MCU_POWER Member=Component C28 10uF/6V3
Added Member To Class: ClassName=MCU_POWER Member=Component C29 220pF/16V
Added Member To Class: ClassName=MCU_POWER Member=Component C30 10uF/6V3
Added Member To Class: ClassName=MCU_POWER Member=Component C31 4.7uF/6V3
Added Member To Class: ClassName=MCU_POWER Member=Component C32 4.7uF/6V3
Added Member To Class: ClassName=MCU_POWER Member=Component C33 4.7uF/6V3
Added Member To Class: ClassName=MCU_POWER Member=Component C34 2.2uF/10V
Added Member To Class: ClassName=MCU_POWER Member=Component C35 2.2uF/10V
Added Member To Class: ClassName=MCU_POWER Member=Component C36 2.2uF/10V
Added Member To Class: ClassName=MCU_POWER Member=Component C37 1uF/16V
Added Member To Class: ClassName=MCU_POWER Member=Component C38 2.2uF/10V
Added Member To Class: ClassName=MCU_POWER Member=Component C39 4.7uF/16V
Added Member To Class: ClassName=MCU_POWER Member=Component C40 100nF/16V
Added Member To Class: ClassName=MCU_POWER Member=Component C41 1uF/35V
Added Member To Class: ClassName=MCU_POWER Member=Component C42 100nF/16V
Added Member To Class: ClassName=MCU_POWER Member=Component C43 100nF/16V
Added Member To Class: ClassName=MCU_POWER Member=Component C44 100nF/16V
Added Member To Class: ClassName=MCU_POWER Member=Component C45 100nF/16V
Added Member To Class: ClassName=MCU_POWER Member=Component C46 100nF/16V
Added Member To Class: ClassName=MCU_POWER Member=Component C47 100nF/16V
Added Member To Class: ClassName=MCU_POWER Member=Component C48 100nF/16V
Added Member To Class: ClassName=MCU_POWER Member=Component C49 100nF/16V
Added Member To Class: ClassName=MCU_POWER Member=Component C50 100nF/16V
Added Member To Class: ClassName=MCU_POWER Member=Component C51 100nF/16V
Added Member To Class: ClassName=MCU_POWER Member=Component C52 10uF/16V
Added Member To Class: ClassName=MCU_POWER Member=Component C53 100nF/16V
Added Member To Class: ClassName=MCU_POWER Member=Component C54 100nF/16V
Added Member To Class: ClassName=MCU_POWER Member=Component C55 100nF/16V
Added Member To Class: ClassName=MCU_POWER Member=Component C56 100nF/16V
Added Member To Class: ClassName=MCU_POWER Member=Component C57 100nF/16V
Added Member To Class: ClassName=MCU_POWER Member=Component C58 100nF/16V
Added Member To Class: ClassName=MCU_POWER Member=Component C59 100nF/16V
Added Member To Class: ClassName=MCU_POWER Member=Component C60 100nF/16V
Added Member To Class: ClassName=MCU_POWER Member=Component C61 100nF/16V
Added Member To Class: ClassName=MCU_POWER Member=Component C62 100nF/16V
Added Member To Class: ClassName=MCU_POWER Member=Component C64 100nF/16V
Added Member To Class: ClassName=MCU_POWER Member=Component C65 100nF/16V
Added Member To Class: ClassName=USB_OTG Member=Component C65 100nF/16V
Added Member To Class: ClassName=USB_OTG Member=Component C66 100nF/16V
Added Member To Class: ClassName=USB_OTG Member=Component C67 2.2uF/10V
Added Member To Class: ClassName=USB_OTG Member=Component C68 100nF/16V
Added Member To Class: ClassName=USB_OTG Member=Component C69 100nF/16V
Added Member To Class: ClassName=USB_OTG Member=Component C70 100nF/16V
Added Member To Class: ClassName=USB_OTG Member=Component C71 100nF/16V
Added Member To Class: ClassName=USB_OTG Member=Component C72 100nF/16V
Added Member To Class: ClassName=USB_OTG Member=Component C73 100nF/16V
Added Member To Class: ClassName=USB_OTG Member=Component C74 100nF/16V
Added Member To Class: ClassName=CAN Member=Component C75 100nF/16V
Added Member To Class: ClassName=CAN Member=Component C76 100nF/16V
Added Member To Class: ClassName=CAN Member=Component C77 4.7nF/16V
Added Member To Class: ClassName=POWER Member=Component C78 33uF/16V
Added Member To Class: ClassName=LVDS Member=Component C79 10uF/16V
Added Member To Class: ClassName=LVDS Member=Component C80 1uF/16V
Added Member To Class: ClassName=LVDS Member=Component C81 10uF/16V
Added Member To Class: ClassName=LVDS Member=Component C82 1uF/16V
Added Member To Class: ClassName=POWER Member=Component C83 33uF/16V
Added Member To Class: ClassName=POWER Member=Component C84 2.2nF/25V
Added Member To Class: ClassName=POWER Member=Component C85 33uF/16V
Added Member To Class: ClassName=POWER Member=Component C86 2.2nF/25V
Added Member To Class: ClassName=POWER Member=Component C87 0.01uF/16V
Added Member To Class: ClassName=POWER Member=Component C88 10uF/25V
Added Member To Class: ClassName=POWER Member=Component C89 0.22uF/16V
Added Member To Class: ClassName=POWER Member=Component C90 0.22uF/10V
Added Member To Class: ClassName=POWER Member=Component C91 0.22uF/10V
Added Member To Class: ClassName=POWER Member=Component C92 0.22uF/16V
Added Member To Class: ClassName=POWER Member=Component C93 0.22uF/10V
Added Member To Class: ClassName=I2C Member=Component C95 1uF/16V
Added Member To Class: ClassName=I2C Member=Component C96 0.22uF
Added Member To Class: ClassName=I2C Member=Component C97 1uF/16V
Added Member To Class: ClassName=I2C Member=Component C98 0.22uF
Added Member To Class: ClassName=FRAM Member=Component C99 0.22uF/10V
Added Member To Class: ClassName=FRAM Member=Component C100 0.22uF/10V
Added Member To Class: ClassName=WATCHDOG Member=Component C101 220nF/10V
Added Member To Class: ClassName=WATCHDOG Member=Component C102 220nF/10V
Added Member To Class: ClassName=MCU Member=Component C 100nF/16V
Added Member To Class: ClassName=CAN Member=Component D1 ESDCAN02-2BWY
Added Member To Class: ClassName=POWER Member=Component D2 SS54B
Added Member To Class: ClassName=MCU Member=Component DS1 LED_green
Added Member To Class: ClassName=MCU Member=Component DS2 LED_red
Added Member To Class: ClassName=POWER Member=Component DS3 LED_red
Added Member To Class: ClassName=POWER Member=Component DS4 LED_green
Added Member To Class: ClassName=MCU_POWER Member=Component FB1 BLM03PG330SN1D
Added Member To Class: ClassName=MCU_POWER Member=Component FB2 BLM18KG601SN1D
Added Member To Class: ClassName=USB_OTG Member=Component FB3 BLM18PG121SN1D
Added Member To Class: ClassName=USB_OTG Member=Component FB4 BLM18PG121SN1D
Added Member To Class: ClassName=MCU_POWER Member=Component J1 TSW-102-07-G-S
Added Member To Class: ClassName=USB_OTG Member=Component J2 47590-0001
Added Member To Class: ClassName=LVDS Member=Component J3 5040500991
Added Member To Class: ClassName=MODULE_FPGA Member=Component J4 5040500991
Added Member To Class: ClassName=POWER Member=Component J5 5040500591
Added Member To Class: ClassName=DEBUG Member=Component J6 009159010061911
Added Member To Class: ClassName=DEBUG Member=Component J8 61301021121
Added Member To Class: ClassName=CONNECTOR Member=Component J9 ESQ-126-14-G-D
Added Member To Class: ClassName=CONNECTOR Member=Component J10 ESQ-126-14-G-D
Added Member To Class: ClassName=CONNECT_EXP Member=Component J11 5040500991
Added Member To Class: ClassName=POWER Member=Component L2 SRP7050TA-220M
Added Member To Class: ClassName=MCU_POWER Member=Component L? 10uH
Added Member To Class: ClassName=USB_OTG Member=Component Q1 STS5PF30L
Added Member To Class: ClassName=USB_OTG Member=Component Q2 MMBTA42LT1G
Added Member To Class: ClassName=eMMC Member=Component R1 47k
Added Member To Class: ClassName=eMMC Member=Component R2 47k
Added Member To Class: ClassName=eMMC Member=Component R3 47k
Added Member To Class: ClassName=eMMC Member=Component R4 47k
Added Member To Class: ClassName=eMMC Member=Component R5 47k
Added Member To Class: ClassName=eMMC Member=Component R6 47k
Added Member To Class: ClassName=eMMC Member=Component R7 47k
Added Member To Class: ClassName=eMMC Member=Component R8 47k
Added Member To Class: ClassName=eMMC Member=Component R9 22R
Added Member To Class: ClassName=eMMC Member=Component R10 22R
Added Member To Class: ClassName=eMMC Member=Component R11 22R
Added Member To Class: ClassName=eMMC Member=Component R12 22R
Added Member To Class: ClassName=eMMC Member=Component R13 22R
Added Member To Class: ClassName=eMMC Member=Component R14 22R
Added Member To Class: ClassName=eMMC Member=Component R15 22R
Added Member To Class: ClassName=eMMC Member=Component R16 22R
Added Member To Class: ClassName=eMMC Member=Component R17 47k
Added Member To Class: ClassName=eMMC Member=Component R18 10k
Added Member To Class: ClassName=eMMC Member=Component R19 0R
Added Member To Class: ClassName=eMMC Member=Component R20 22R
Added Member To Class: ClassName=eMMC Member=Component R21 22R
Added Member To Class: ClassName=eMMC Member=Component R22 47k
Added Member To Class: ClassName=QSPI Member=Component R23 33R
Added Member To Class: ClassName=QSPI Member=Component R24 33R
Added Member To Class: ClassName=QSPI Member=Component R25 33R
Added Member To Class: ClassName=QSPI Member=Component R26 33R
Added Member To Class: ClassName=QSPI Member=Component R27 33R
Added Member To Class: ClassName=QSPI Member=Component R28 33R
Added Member To Class: ClassName=QSPI Member=Component R29 33R
Added Member To Class: ClassName=QSPI Member=Component R30 33R
Added Member To Class: ClassName=QSPI Member=Component R31 33R
Added Member To Class: ClassName=QSPI Member=Component R32 33R
Added Member To Class: ClassName=QSPI Member=Component R33 33R
Added Member To Class: ClassName=QSPI Member=Component R34 33R
Added Member To Class: ClassName=QSPI Member=Component R35 10k
Added Member To Class: ClassName=QSPI Member=Component R36 10k
Added Member To Class: ClassName=MCU Member=Component R37 33R
Added Member To Class: ClassName=MCU Member=Component R38 33R
Added Member To Class: ClassName=MCU Member=Component R39 33R
Added Member To Class: ClassName=MCU Member=Component R40 33R
Added Member To Class: ClassName=MCU Member=Component R41 33R
Added Member To Class: ClassName=MCU Member=Component R42 33R
Added Member To Class: ClassName=MCU Member=Component R43 33R
Added Member To Class: ClassName=MCU Member=Component R44 33R
Added Member To Class: ClassName=MCU Member=Component R45 33R
Added Member To Class: ClassName=MCU Member=Component R46 33R
Added Member To Class: ClassName=MCU Member=Component R47 33R
Added Member To Class: ClassName=MCU Member=Component R48 33R
Added Member To Class: ClassName=MCU Member=Component R49 33R
Added Member To Class: ClassName=MCU Member=Component R50 33R
Added Member To Class: ClassName=MCU Member=Component R51 33R
Added Member To Class: ClassName=MCU Member=Component R52 33R
Added Member To Class: ClassName=MCU Member=Component R53 33R
Added Member To Class: ClassName=MCU Member=Component R54 33R
Added Member To Class: ClassName=MCU Member=Component R55 33R
Added Member To Class: ClassName=MCU Member=Component R56 33R
Added Member To Class: ClassName=MCU Member=Component R57 33R
Added Member To Class: ClassName=MCU Member=Component R58 33R
Added Member To Class: ClassName=MCU Member=Component R59 33R
Added Member To Class: ClassName=MCU Member=Component R60 33R
Added Member To Class: ClassName=MCU Member=Component R61 33R
Added Member To Class: ClassName=MCU Member=Component R62 33R
Added Member To Class: ClassName=MCU Member=Component R63 33R
Added Member To Class: ClassName=MCU Member=Component R64 33R
Added Member To Class: ClassName=MCU Member=Component R65 33R
Added Member To Class: ClassName=MCU Member=Component R66 33R
Added Member To Class: ClassName=MCU Member=Component R67 33R
Added Member To Class: ClassName=MCU Member=Component R68 33R
Added Member To Class: ClassName=MCU Member=Component R69 33R
Added Member To Class: ClassName=MCU Member=Component R70 33R
Added Member To Class: ClassName=MCU Member=Component R71 33R
Added Member To Class: ClassName=MCU Member=Component R72 33R
Added Member To Class: ClassName=MCU Member=Component R73 33R
Added Member To Class: ClassName=MCU Member=Component R74 33R
Added Member To Class: ClassName=MCU Member=Component R75 33R
Added Member To Class: ClassName=MCU Member=Component R76 33R
Added Member To Class: ClassName=MCU Member=Component R77 33R
Added Member To Class: ClassName=MCU Member=Component R78 33R
Added Member To Class: ClassName=MCU Member=Component R79 33R
Added Member To Class: ClassName=MCU Member=Component R80 33R
Added Member To Class: ClassName=MCU Member=Component R81 33R
Added Member To Class: ClassName=MCU Member=Component R82 33R
Added Member To Class: ClassName=MCU Member=Component R83 33R
Added Member To Class: ClassName=MCU Member=Component R84 33R
Added Member To Class: ClassName=MCU Member=Component R85 33R
Added Member To Class: ClassName=MCU Member=Component R86 33R
Added Member To Class: ClassName=MCU Member=Component R87 33R
Added Member To Class: ClassName=MCU Member=Component R88 33R
Added Member To Class: ClassName=MCU Member=Component R89 33R
Added Member To Class: ClassName=MCU Member=Component R90 33R
Added Member To Class: ClassName=MCU Member=Component R91 33R
Added Member To Class: ClassName=MCU Member=Component R92 33R
Added Member To Class: ClassName=MCU Member=Component R93 33R
Added Member To Class: ClassName=MCU Member=Component R94 33R
Added Member To Class: ClassName=MCU Member=Component R95 1k
Added Member To Class: ClassName=MCU Member=Component R96 33R
Added Member To Class: ClassName=MCU Member=Component R97 51R
Added Member To Class: ClassName=MCU Member=Component R98 33R
Added Member To Class: ClassName=MCU Member=Component R99 33R
Added Member To Class: ClassName=MCU Member=Component R100 33R
Added Member To Class: ClassName=MCU Member=Component R101 33R
Added Member To Class: ClassName=MCU Member=Component R102 33R
Added Member To Class: ClassName=MCU Member=Component R103 33R
Added Member To Class: ClassName=MCU Member=Component R104 33R
Added Member To Class: ClassName=MCU Member=Component R105 1k
Added Member To Class: ClassName=MCU Member=Component R106 0R
Added Member To Class: ClassName=MCU Member=Component R107 0R
Added Member To Class: ClassName=MCU Member=Component R108 1k
Added Member To Class: ClassName=MCU Member=Component R109 10k
Added Member To Class: ClassName=MCU Member=Component R110 10k
Added Member To Class: ClassName=MCU Member=Component R111 10k
Added Member To Class: ClassName=MCU Member=Component R112 10k
Added Member To Class: ClassName=MCU Member=Component R113 10k
Added Member To Class: ClassName=MCU Member=Component R114 100R
Added Member To Class: ClassName=MCU Member=Component R115 330R
Added Member To Class: ClassName=MCU Member=Component R116 220k
Added Member To Class: ClassName=MCU_POWER Member=Component R117 0R
Added Member To Class: ClassName=USB_OTG Member=Component R118 0R
Added Member To Class: ClassName=USB_OTG Member=Component R119 0R
Added Member To Class: ClassName=USB_OTG Member=Component R120 0R
Added Member To Class: ClassName=USB_OTG Member=Component R121 0R
Added Member To Class: ClassName=USB_OTG Member=Component R122 0R
Added Member To Class: ClassName=USB_OTG Member=Component R123 0R
Added Member To Class: ClassName=USB_OTG Member=Component R124 33R
Added Member To Class: ClassName=USB_OTG Member=Component R125 8.06k
Added Member To Class: ClassName=USB_OTG Member=Component R126 820R
Added Member To Class: ClassName=USB_OTG Member=Component R127 0R
Added Member To Class: ClassName=USB_OTG Member=Component R128 0R
Added Member To Class: ClassName=USB_OTG Member=Component R129 0R
Added Member To Class: ClassName=USB_OTG Member=Component R130 0R
Added Member To Class: ClassName=USB_OTG Member=Component R131 0R
Added Member To Class: ClassName=USB_OTG Member=Component R132 0R
Added Member To Class: ClassName=USB_OTG Member=Component R133 0R
Added Member To Class: ClassName=USB_OTG Member=Component R134 0R
Added Member To Class: ClassName=USB_OTG Member=Component R135 51R
Added Member To Class: ClassName=USB_OTG Member=Component R136 10k
Added Member To Class: ClassName=USB_OTG Member=Component R137 0R
Added Member To Class: ClassName=USB_OTG Member=Component R138 4.7k
Added Member To Class: ClassName=USB_OTG Member=Component R139 100k
Added Member To Class: ClassName=USB_OTG Member=Component R140 0R
Added Member To Class: ClassName=USB_OTG Member=Component R141 1k
Added Member To Class: ClassName=USB_OTG Member=Component R142 0R
Added Member To Class: ClassName=USB_OTG Member=Component R143 0R
Added Member To Class: ClassName=USB_OTG Member=Component R144 0R
Added Member To Class: ClassName=USB_OTG Member=Component R145 0R
Added Member To Class: ClassName=USB_OTG Member=Component R146 0R
Added Member To Class: ClassName=USB_OTG Member=Component R147 10k
Added Member To Class: ClassName=USB_OTG Member=Component R148 0R
Added Member To Class: ClassName=USB_OTG Member=Component R149 0R
Added Member To Class: ClassName=USB_OTG Member=Component R150 10k
Added Member To Class: ClassName=CAN Member=Component R151 60R
Added Member To Class: ClassName=CAN Member=Component R152 10k
Added Member To Class: ClassName=CAN Member=Component R153 60R
Added Member To Class: ClassName=POWER Member=Component R154 10k
Added Member To Class: ClassName=POWER Member=Component R155 10k
Added Member To Class: ClassName=POWER Member=Component R156 470k
Added Member To Class: ClassName=POWER Member=Component R157 22R
Added Member To Class: ClassName=POWER Member=Component R158 11k
Added Member To Class: ClassName=POWER Member=Component R159 47k
Added Member To Class: ClassName=POWER Member=Component R160 3.3k
Added Member To Class: ClassName=POWER Member=Component R161 4.7k
Added Member To Class: ClassName=POWER Member=Component R162 1k
Added Member To Class: ClassName=POWER Member=Component R163 10k
Added Member To Class: ClassName=POWER Member=Component R164 5.9k
Added Member To Class: ClassName=DEBUG Member=Component R165 22R
Added Member To Class: ClassName=DEBUG Member=Component R166 22R
Added Member To Class: ClassName=DEBUG Member=Component R167 22R
Added Member To Class: ClassName=DEBUG Member=Component R168 22R
Added Member To Class: ClassName=DEBUG Member=Component R169 22R
Added Member To Class: ClassName=I2C Member=Component R170 4.7 KOhm
Added Member To Class: ClassName=I2C Member=Component R171 4.7 KOhm
Added Member To Class: ClassName=I2C Member=Component R172 4.7 KOhm
Added Member To Class: ClassName=I2C Member=Component R173 4.7 KOhm
Added Member To Class: ClassName=I2C Member=Component R174 22R
Added Member To Class: ClassName=I2C Member=Component R175 22R
Added Member To Class: ClassName=I2C Member=Component R176 22R
Added Member To Class: ClassName=I2C Member=Component R177 10 KOhm
Added Member To Class: ClassName=CONNECTOR Member=Component R178 22R
Added Member To Class: ClassName=CONNECTOR Member=Component R179 22R
Added Member To Class: ClassName=CONNECTOR Member=Component R180 22R
Added Member To Class: ClassName=CONNECTOR Member=Component R181 22R
Added Member To Class: ClassName=CONNECTOR Member=Component R182 22R
Added Member To Class: ClassName=CONNECTOR Member=Component R183 22R
Added Member To Class: ClassName=CONNECTOR Member=Component R184 22R
Added Member To Class: ClassName=CONNECTOR Member=Component R185 22R
Added Member To Class: ClassName=CONNECTOR Member=Component R186 22R
Added Member To Class: ClassName=CONNECTOR Member=Component R187 22R
Added Member To Class: ClassName=CONNECTOR Member=Component R188 22R
Added Member To Class: ClassName=CONNECTOR Member=Component R189 22R
Added Member To Class: ClassName=CONNECTOR Member=Component R190 22R
Added Member To Class: ClassName=CONNECTOR Member=Component R191 22R
Added Member To Class: ClassName=CONNECTOR Member=Component R192 22R
Added Member To Class: ClassName=CONNECTOR Member=Component R193 0R
Added Member To Class: ClassName=CONNECTOR Member=Component R194 22R
Added Member To Class: ClassName=CONNECTOR Member=Component R195 0R
Added Member To Class: ClassName=CONNECTOR Member=Component R196 0R
Added Member To Class: ClassName=CONNECTOR Member=Component R197 0R
Added Member To Class: ClassName=CONNECTOR Member=Component R198 0R
Added Member To Class: ClassName=CONNECTOR Member=Component R199 0R
Added Member To Class: ClassName=FRAM Member=Component R200 4.7k
Added Member To Class: ClassName=FRAM Member=Component R201 4.7k
Added Member To Class: ClassName=FRAM Member=Component R202 4.7k
Added Member To Class: ClassName=FRAM Member=Component R203 22R
Added Member To Class: ClassName=FRAM Member=Component R204 22R
Added Member To Class: ClassName=FRAM Member=Component R205 22R
Added Member To Class: ClassName=FRAM Member=Component R206 22R
Added Member To Class: ClassName=WATCHDOG Member=Component R207 22R
Added Member To Class: ClassName=WATCHDOG Member=Component R208 0R
Added Member To Class: ClassName=WATCHDOG Member=Component R209 22R
Added Member To Class: ClassName=WATCHDOG Member=Component R210 22R
Added Member To Class: ClassName=WATCHDOG Member=Component R211 16.5K
Added Member To Class: ClassName=WATCHDOG Member=Component R212 16.5K
Add Class Member: Failed to add class member : Component SB1 SB_ON
Add Class Member: Failed to add class member : Component SB2 SB_OFF
Add Class Member: Failed to add class member : Component SB3 SB_OFF
Add Class Member: Failed to add class member : Component SB4 SB_ON
Add Class Member: Failed to add class member : Component SB5 SB_OFF
Add Class Member: Failed to add class member : Component SB6 SB_ON
Add Class Member: Failed to add class member : Component SB7 SB_ON
Add Class Member: Failed to add class member : Component SB8 SB_OFF
Add Class Member: Failed to add class member : Component SB9 SB_ON
Add Class Member: Failed to add class member : Component SB10 SB_ON
Add Class Member: Failed to add class member : Component SB11 SB_OFF
Add Class Member: Failed to add class member : Component SB12 SB_OFF
Add Class Member: Failed to add class member : Component SB13 SB_OFF
Add Class Member: Failed to add class member : Component SB14 SB_ON
Add Class Member: Failed to add class member : Component SB15 SB_OFF
Add Class Member: Failed to add class member : Component SB16 SB_ON
Add Class Member: Failed to add class member : Component SB17 SB_ON
Add Class Member: Failed to add class member : Component SB18 SB_ON
Add Class Member: Failed to add class member : Component SB19 SB_OFF
Add Class Member: Failed to add class member : Component SB20 Solder Bridge OFF
Added Member To Class: ClassName=eMMC Member=Component TP1 Test Point
Added Member To Class: ClassName=MCU_POWER Member=Component TP2 Test Point
Added Member To Class: ClassName=MCU_POWER Member=Component TP3 Test Point
Added Member To Class: ClassName=MCU_POWER Member=Component TP4 Test Point
Added Member To Class: ClassName=POWER Member=Component TP5 Test Point
Added Member To Class: ClassName=USB_OTG Member=Component TVS1 USBULC6-2F3
Added Member To Class: ClassName=eMMC Member=Component U1 eMMC_THGBMTG5D1LBAIL
Added Member To Class: ClassName=QSPI Member=Component U2
Added Member To Class: ClassName=QSPI Member=Component U3
Added Member To Class: ClassName=SDRAM Member=Component U4 IS42S32400F-6BL
Added Member To Class: ClassName=MCU Member=Component U5
Added Member To Class: ClassName=MCU Member=Component U6 ESD-TRANSIL
Added Member To Class: ClassName=MCU Member=Component U7 ESD-TRANSIL
Added Member To Class: ClassName=USB_OTG Member=Component U8 USB3320C-EZK
Added Member To Class: ClassName=CAN Member=Component U9 SN65HVD230DR
Added Member To Class: ClassName=LVDS Member=Component U10 DS90LV011AQ-Q1
Added Member To Class: ClassName=LVDS Member=Component U11 DS90LV011AQ-Q1
Added Member To Class: ClassName=MODULE_FPGA Member=Component U12 Module_FPGA_V1
Added Member To Class: ClassName=POWER Member=Component U13 TPS259470ARPWR
Added Member To Class: ClassName=POWER Member=Component U14 TPS5430DDAR
Added Member To Class: ClassName=POWER Member=Component U15
Added Member To Class: ClassName=I2C Member=Component U16 PCA9508DP,118
Added Member To Class: ClassName=FRAM Member=Component U17 IS66WVS4M8BLL-104NLI
Added Member To Class: ClassName=WATCHDOG Member=Component U18 TPL5010DDCR
Added Member To Class: ClassName=MCU Member=Component X1 NX3215SA-32.768K-STD-MUS-2
Added Member To Class: ClassName=MCU Member=Component X2 Oscillator_4pins
Added Member To Class: ClassName=USB_OTG Member=Component X3 NZ2520SH-24M
